# Aceitillar data for Mencia pasture succesion manuscript,,,,,,,,,,,,,,,,,,
"# Original file ""Aceitillar 96_02 for Mencia.xls"" from SL via email",,,,,,,,,,,,,,,,,,
"# Original file had 3 worksheets: ""Returned migr"", ""Site persistent migr"" and ""All caps""",,,,,,,,,,,,,,,,,,
#,"Note: original worksheets with ""_migr"" included residents and migrants",,,,,,,,,,,,,,,,,
"# ""Site persistent birds are there for some portion of at least 1 winter – so they were resighted or recaptured at least once.""",,,,,,,,,,,,,,,,,,
"# ""Returned birds are a **subset** of the **site persistent birds** that returned a **subsequent** year.",,,,,,,,,,,,,,,,,,
# All caps is all captures.,,,,,,,,,,,,,,,,,,
"# C = captured (including orig capture); S = re_sighted, CS = captured & resighted in same session; W in comments = NEVER resighted/recaptured after original capture",,,,,,,,,,,,,,,,,,
# W = wanderers,,,,,,,,,,,,,,,,,,
#,,,,,,,Nov,Jan,Mar,Nov,Jan,Mar,Jan,Jan,Jan,Jan,Jan,
#,,,,,,CAP,96,97,97,97,98,98,99,0,1,2,3,
BAND,COLORS,SPECIES,AGE,SEX,SITE,DATA.CAP.ORIG,Nov.96,Jan.97,Mar.97,Nov.97,Jan.98,Mar.98,Jan.99,Jan.00,Jan.01,Jan.02,Jan.03,COMMENTS
373,BB-XB,AMRE,AHY,F,B2,11_14_1996,C,,,,,,,,,,,W
384,YB-XY,AMRE,AHY,F,B2,11_15_1996,CS,,,,,,,,,,,
393,XP-RB,AMRE,AHY,M,B1,11_19_1996,CS,S,S,,,,,,,,,
2390_24046,RX-BR,AMRE,AHY,F,B1,1_24_1997,,C,,S,,S,,,,,,
2390_24052,XY-RY,AMRE,AHY,F,B1,1_25_1997,,C,,,,,,,,,,W
2390_24057,BY-XY,AMRE,AHY,F,B1,1_25_1997,,C,,,,,,,,,,W
2390_24063,YY-BX,AMRE,AHY,F,B1,1_26_1997,,C,,,,,,,,,,W
2390_24345,PY-XP,AMRE,AHY,F,B1,3_11_1997,,,C,,,,,,,,,W
2110_80897,AG-RX,AMRE,AHY,F,B1,11_11_1997,,,,CS,,S,S,,,,,
2110_80896,GY-RX,AMRE,AHY,M,B1,11_11_1997,,,,C,,,,,,,,W
2110_80898,XY-RA,AMRE,AHY,F,B1,11_12_1997,,,,CS,S,S,,,,,,
1760_22667,YX-GY,AMRE,AHY,F,B2,1_17_1998,,,,,C,,,,,,,W
2110_80987,XY-AY,AMRE,AHY,F,B1,3_4_1998,,,,,,C,,,,,,W
2110_80988,YA-YX,AMRE,AHY,F,B2,3_9_1998,,,,,,CS,,,,,,
2110_81034,X-,AMRE,AHY,M,B2,1_24_2000,,,,,,,,C,,,,W
2110_81078,X-,AMRE,AHY,F,B2,1_31_2001,,,,,,,,,C,,,W
2110_81085,X-,AMRE,AHY,F,B2,2_2_2001,,,,,,,,,C,,,W
389,XB-RR,AMRE,HY,M,B2,11_16_1996,C,,,,,,,,,,,W
391,XP-RP,AMRE,HY,F,B1,11_19_1996,C,,,,,,,,,,,W
1950_82047,YP-XP,AMRE,HY,F,B1,11_20_1996,C,,,,,,,,,,,W
1950_82024,BB-BX,AMRE,HY,M,B1,11_20_1996,C,,,,,,,,,,,W
2390_24038,XR-YP,AMRE,HY,F,B2,1_21_1997,,C,,,,,,,,,,W
2390_24325,BR-XP,AMRE,HY,F,B2,3_5_1997,,,C,,,,,,,,,W
2390_24321,XP-BR,AMRE,HY,M,B2,3_5_1997,,,CS,,,,,,,,,
2390_24332,XB-RR,AMRE,HY,F,B2,3_6_1997,,,CS,S,S,S,,,,,,
2390_24337,XY-YR,AMRE,HY,F,B2,3_7_1997,,,C,,,,,,,,,W
2110_80892,GR-XR,AMRE,HY,F,B2,11_10_1997,,,,C,,,,,,,,W
2110_80894,GA-GX,AMRE,HY,F,B2,11_11_1997,,,,C,,,,,,,,W
2110_80895,AG-AX,AMRE,HY,F,B2,11_11_1997,,,,C,,,,,,,,W
1760_22662,XY-AR,AMRE,HY,M,B2,1_17_1998,,,,,CC,,,,,,,
2110_80985,YA-RX,AMRE,HY,M,B1,3_4_1998,,,,,,C,,,,,,W
2140_19006,YX-YW,AMRE,HY,M,B1,1_18_1999,,,,,,,C,,,,,W
2110_81030,GX-RW,AMRE,HY,M,B2,1_28_1999,,,,,,,C,,,,,W
2110_81031,RX-YW,AMRE,HY,M,B2,1_29_1999,,,,,,,C,,,,,W
2110_81032,XW-GW,AMRE,HY,M,B2,1_29_1999,,,,,,,C,,,,,W
2110_81035,X-,AMRE,HY,M,B1,1_25_2000,,,,,,,,C,,,,W
2110_81081,X-,AMRE,HY,M,B2,2_1_2001,,,,,,,,,C,,,W
4_4576,X-,ANPI,,M,B2,1_29_1999,,,,,,,C,,,,,
4_4585,X-,ANPI,,M,B2,1_24_2000,,,,,,,,C,,,,
4_4597,X-,ANPI,,F,B1,1_26_2000,,,,,,,,C,,,,
4_4834,x-,ANPI,,F,B1,2_2_2001,,,,,,,,,C,,,
26979,X-,BANA,AHY,,B1,1_17_1999,,,,,,,C,,,,,
26980,X-,BANA,AHY,,B1,1_17_1999,,,,,,,C,,,,,
26981,X-,BANA,AHY,,B1,1_17_1999,,,,,,,C,,,,,
26982,X-,BANA,AHY,,B1,1_17_1999,,,,,,,C,,,,,
26983,X-,BANA,AHY,,B1,1_17_1999,,,,,,,C,,,,,
26984,X-,BANA,AHY,,B1,1_17_1999,,,,,,,C,,,,,
2_6987,X-,BANA,AHY,,B1,1_17_1999,,,,,,,C,,,,,
2_6988,X-,BANA,AHY,,B1,1_17_1999,,,,,,,C,,,,,
2_5489,X-,BANA,AHY,,B1,1_18_1999,,,,,,,C,,,,,
2_5490,X-,BANA,AHY,,B1,1_18_1999,,,,,,,C,,,,,
2_6991,X-,BANA,AHY,,B1,1_18_1999,,,,,,,C,,,,,
2_6992,X-,BANA,AHY,,B1,1_18_1999,,,,,,,C,,,,,
2_6994,X-,BANA,AHY,,B1,1_18_1999,,,,,,,C,,,,,
2_6995,X-,BANA,AHY,,B1,1_18_1999,,,,,,,C,,,,,
2_6996,X-,BANA,AHY,,B1,1_18_1999,,,,,,,C,,,,,
2_6997,X-,BANA,AHY,,B1,1_18_1999,,,,,,,C,,,,,
2_6999,X-,BANA,AHY,,B1,1_18_1999,,,,,,,C,,,,,
2_7000,X-,BANA,AHY,,B1,1_18_1999,,,,,,,C,,,,,
2_5497,X-,BANA,AHY,,B1,1_19_1999,,,,,,,C,,,,,
2_6859,X-,BANA,AHY,,B2,1_28_1999,,,,,,,C,,C,,,
2_6862,X-,BANA,AHY,,B2,1_28_1999,,,,,,,C,,,,,
2_6863,X-,BANA,AHY,,B2,1_28_1999,,,,,,,C,,,,,
2_6864,X-,BANA,AHY,,B2,1_28_1999,,,,,,,C,,,,,
2_6865,X-,BANA,AHY,,B2,1_28_1999,,,,,,,C,,C,,,
2_6868,X-,BANA,AHY,,B2,1_29_1999,,,,,,,C,,,,,
2_6870,X-,BANA,AHY,,B2,1_29_1999,,,,,,,C,,,,,
2_6873,X-,BANA,AHY,,B2,1_29_1999,,,,,,,C,,,,,
2_6874,X-,BANA,AHY,,B2,1_29_1999,,,,,,,C,,,,,
2_6875,X-,BANA,AHY,,B2,1_29_1999,,,,,,,C,,,,,
2_6876,X-,BANA,AHY,,B2,1_30_1999,,,,,,,C,,,,,
2_6877,X-,BANA,AHY,,B2,1_30_1999,,,,,,,C,,,,,
2_6892,X-,BANA,AHY,,B2,1_23_2000,,,,,,,,C,,,,
2_6894,X-,BANA,AHY,,B2,1_23_2000,,,,,,,,C,,,,
602,X-,BANA,AHY,,B2,1_24_2000,,,,,,,,C,,,,
604,X-,BANA,AHY,,B2,1_24_2000,,,,,,,,C,,,,
606,X-,BANA,AHY,,B2,1_24_2000,,,,,,,,C,,,,
607,X-,BANA,AHY,,B2,1_24_2000,,,,,,,,C,,,,
2_6897,X-,BANA,AHY,,B2,1_24_2000,,,,,,,,C,,,,
609,X-,BANA,AHY,,B1,1_25_2000,,,,,,,,C,,,,
611,X-,BANA,AHY,,B1,1_25_2000,,,,,,,,C,,,,
612,X-,BANA,AHY,,B1,1_25_2000,,,,,,,,C,,,,
613,X-,BANA,AHY,,B1,1_25_2000,,,,,,,,C,,,,
614,X-,BANA,AHY,,B1,1_25_2000,,,,,,,,C,,C,,
615,X-,BANA,AHY,,B1,1_25_2000,,,,,,,,C,,,,
617,X-,BANA,AHY,,B1,1_26_2000,,,,,,,,C,,,,
618,X-,BANA,AHY,,B1,1_26_2000,,,,,,,,C,,,,
619,X-,BANA,AHY,,B1,1_26_2000,,,,,,,,C,,,,
620,X-,BANA,AHY,,B1,1_26_2000,,,,,,,,C,,,,
623,X-,BANA,AHY,,B1,1_26_2000,,,,,,,,C,,,,
624,X-,BANA,AHY,,B1,1_26_2000,,,,,,,,C,,,,
628,X-,BANA,AHY,,B1,1_27_2000,,,,,,,,C,,,,
629,X-,BANA,AHY,,B1,1_27_2000,,,,,,,,C,,,,
630,X-,BANA,AHY,,B1,1_27_2000,,,,,,,,C,,,,
2110_81079,X-,BANA,AHY,,B2,1_31_2001,,,,,,,,,C,,,
2110_81082,X-,BANA,AHY,,B2,2_1_2001,,,,,,,,,C,,,
2110_81083,X-,BANA,AHY,,B2,2_1_2001,,,,,,,,,C,,,
2110_81086,X-,BANA,AHY,,B1,2_2_2001,,,,,,,,,C,,,
2110_81087,X-,BANA,AHY,,B1,2_2_2001,,,,,,,,,C,,,
2110_81089,X-,BANA,AHY,,B1,2_2_2001,,,,,,,,,C,,,
2110_81090,X-,BANA,AHY,,B1,2_2_2001,,,,,,,,,C,,,
2110_81091,x-,BANA,AHY,,B1,2_2_2001,,,,,,,,,C,,,
2110_81084,X-,BANA,AHY,,B2,2_2_2001,,,,,,,,,C,,,
2110_55401,X-,BANA,AHY,,B1,2_3_2001,,,,,,,,,C,,,
2110_55402,X-,BANA,AHY,,B1,2_3_2001,,,,,,,,,C,,,
2110_55403,X-,BANA,AHY,,B1,2_3_2001,,,,,,,,,C,,,
2110_55404,X-,BANA,AHY,,B1,2_3_2001,,,,,,,,,C,,,
2110_55405,X-,BANA,AHY,,B1,2_3_2001,,,,,,,,,C,,,
2110_55406,X-,BANA,AHY,,B1,2_3_2001,,,,,,,,,C,,,
2110_55407,X-,BANA,AHY,,B1,2_3_2001,,,,,,,,,C,C,,
2110_55408,X-,BANA,AHY,,B1,2_3_2001,,,,,,,,,C,C,,
2110_81092,x-,BANA,AHY,,B1,2_3_2001,,,,,,,,,C,,,
2110_81093,X-,BANA,AHY,,B1,2_3_2001,,,,,,,,,C,,,
2110_81094,X-,BANA,AHY,,B1,2_3_2001,,,,,,,,,C,,,
2110_81095,X-,BANA,AHY,,B1,2_3_2001,,,,,,,,,C,,,
2110_81096,X-,BANA,AHY,,B1,2_3_2001,,,,,,,,,C,,,
2110_81100,X-,BANA,AHY,,B1,2_3_2001,,,,,,,,,C,,,
2110_55409,X-,BANA,AHY,,B1,2_4_2001,,,,,,,,,C,,,
2110_55410,X-,BANA,AHY,,B1,2_4_2001,,,,,,,,,C,,,
2110_55411,X-,BANA,AHY,,B1,2_4_2001,,,,,,,,,C,C,,
2110_55412,X-,BANA,AHY,,B1,2_4_2001,,,,,,,,,C,C,,
2110_55413,X-,BANA,AHY,,B1,2_4_2001,,,,,,,,,C,,,
2110_55414,X-,BANA,AHY,,B1,2_4_2001,,,,,,,,,C,,,
26985,X-,BANA,HY,,B1,1_17_1999,,,,,,,C,,,,,
26986,X-,BANA,HY,,B1,1_17_1999,,,,,,,C,,,,,
2_5491,X-,BANA,HY,,B1,1_18_1999,,,,,,,C,,,,,
2_5492,X-,BANA,HY,,B1,1_18_1999,,,,,,,C,,,,,
2_5495,X-,BANA,HY,,B1,1_18_1999,,,,,,,C,,,,,
2_6993,X-,BANA,HY,,B1,1_18_1999,,,,,,,C,,,,,
2_6998,X-,BANA,HY,,B1,1_18_1999,,,,,,,C,,,,,
2_6861,X-,BANA,HY,,B2,1_28_1999,,,,,,,C,,,,,
2_6867,X-,BANA,HY,,B2,1_29_1999,,,,,,,C,,,,,
2_6869,X-,BANA,HY,,B2,1_29_1999,,,,,,,C,,,,,
2_6878,X-,BANA,HY,,B2,1_30_1999,,,,,,,C,,,,,
605,X-,BANA,HY,,B2,1_24_2000,,,,,,,,C,,,,
610,X-,BANA,HY,,B1,1_25_2000,,,,,,,,C,,,,
622,X-,BANA,HY,,B1,1_26_2000,,,,,,,,C,,,,
2110_81077,X-,BANA,HY,,B2,1_31_2001,,,,,,,,,C,,,
375,PP-XP,BAWW,AHY,F,B2,11_14_1996,C,S,,,,,,,,,,
390,XB-YY,BAWW,AHY,M,B2,11_16_1996,C,C,,CS,,CS,,,,,,
1950_82029,XP-RY,BAWW,AHY,F,B1,11_20_1996,C,C,,,C,C,,,,,,
1950_82038,RB-XB,BAWW,AHY,F,B1,11_20_1996,CC,C,C,S,,,,,,,,
1950_82033,XR-RY,BAWW,AHY,M,B1,11_20_1996,C,CS,CS,S,C,S,,,,,,
1950_82048,XR-PY,BAWW,AHY,M,B1,11_21_1996,C,,,,,S,,,,,,
2390_24044,RX-RP,BAWW,AHY,F,B1,1_24_1997,,C,,,,,,,,,,W
2390_24333,XP-YY,BAWW,AHY,F,B2,3_6_1997,,,C,,,,,,,,,W
2390_24335,BR-XB,BAWW,AHY,F,B2,3_6_1997,,,C,S,,,,,,,,
2390_24342,YR-XY,BAWW,AHY,F,B1,3_10_1997,,,C,,,,,,,,,W
2390_24338,RX-PP,BAWW,AHY,M,B1,3_10_1997,,,CS,,,,S,,,,,
2390_24347,BY-XB,BAWW,AHY,M,B1,3_11_1997,,,C,,,,,,,,,W
2390_24349,XB-RB,BAWW,AHY,F,B1,3_12_1997,,,C,,,,,,,,,W
2390_24350,PR-XB,BAWW,AHY,M,B1,3_12_1997,,,C,,,,,,,,,W
1950_82567,GX-YA,BAWW,AHY,F,B2,11_10_1997,,,,C,CS,,,,,,,
1950_82574,AY-RX,BAWW,AHY,F,B1,11_11_1997,,,,C,,C,,,,,,
1950_82573,RX-AA,BAWW,AHY,M,B1,11_11_1997,,,,C,,C,,,,,,
1760_22659,RX-RG,BAWW,AHY,F,B2,1_16_1998,,,,,CS,S,,,,,,
1760_22664,AG-XY,BAWW,AHY,F,B2,1_17_1998,,,,,C,S,,,,,,
1760_22669,YG-XY,BAWW,AHY,F,B2,1_18_1998,,,,,C,,,,,,,W
1760_22676,GR-XG,BAWW,AHY,F,B1,1_22_1998,,,,,C,,,,,,,W
1950_82800,GX-YR,BAWW,AHY,F,B1,3_3_1998,,,,,,CS,,,,,,
2200_16434,X-,BAWW,AHY,F,B2,2_1_2001,,,,,,,,,C,,,W
2200_16431,X-,BAWW,AHY,M,B2,2_1_2001,,,,,,,,,C,,,W
2200_16445,X-,BAWW,AHY,F,B1,2_3_2001,,,,,,,,,C,,,W
2200_16444,X-,BAWW,AHY,M,B1,2_3_2001,,,,,,,,,C,C,,
386,XB-RR,BAWW,HY,F,B2,11_15_1996,C,,S,,,S,,,,,,
400,YR-XR,BAWW,HY,F,B1,11_19_1996,C,,,,,,,,,,,W
1950_82044,XP-BB,BAWW,HY,F,B1,11_20_1996,C,,,C,C,,,,,,,
1950_82040,XR-PP,BAWW,HY,M,B1,11_20_1996,C,,,,,,,,,,,W
2390_24035,XB-BR,BAWW,HY,M,B2,1_20_1997,,C,CS,,S,,,,,,,
2390_24051,XP-YP,BAWW,HY,M,B1,1_25_1997,,C,,S,S,S,,,,,,
2390_24058,XY-YB,BAWW,HY,M,B1,1_25_1997,,CS,,,C,,S,,,,,
2390_24061,XB-YB,BAWW,HY,M,B1,1_25_1997,,C,,C,CS,S,,,,,,
2390_24062,RX-BB,BAWW,HY,M,B1,1_26_1997,,C,,,,,,,,,,W
2390_24331,XP-RB,BAWW,HY,F,B2,3_6_1997,,,C,,,,,,,,,W
2390_24346,RX-YY,BAWW,HY,F,B1,3_11_1997,,,CC,S,CS,CS,,,,,,
1950_82562,XY-RA,BAWW,HY,M,B2,11_10_1997,,,,C,,,,,,,,W
1950_82563,GR-GX,BAWW,HY,M,B2,11_10_1997,,,,C,,S,,,,,,
1950_82575,XA-RR,BAWW,HY,F,B1,11_12_1997,,,,C,,S,,,,,,res. In P2
1760_22661,YY-GX,BAWW,HY,F,B2,1_17_1998,,,,,C,,,,,,,W
1760_22679,RG-XY,BAWW,HY,F,B1,1_22_1998,,,,,C,,,,,,,W
1760_22680,XY-GG,BAWW,HY,F,B1,1_22_1998,,,,,C,,,,,,,W
1760_22682,XY-YA,BAWW,HY,F,B1,1_23_1998,,,,,CS,,,,,,,
1950_82798,RY-XA,BAWW,HY,M,B1,3_4_1998,,,,,,C,,,,,,W
1760_22546,XG-RA,BAWW,HY,M,B2,3_9_1998,,,,,,C,,,,,,W
2140_20628,RX-YW,BAWW,HY,M,B2,1_28_1999,,,,,,,C,,,,,W
2140_20704,X-,BAWW,HY,M,B2,1_25_2000,,,,,,,,C,,,,W
2140_20708,X-,BAWW,HY,M,B1,1_26_2000,,,,,,,,C,,,,W
2140_20710,X-,BAWW,HY,M,B1,1_26_2000,,,,,,,,C,,,,W
2200_16433,X-,BAWW,HY,F,B2,2_1_2001,,,,,,,,,C,,,W
4_3916,XY-BR,BCPT,AHY,,B2,11_14_1996,C,,,,,,,,,,,
4_3923,R-X,BCPT,AHY,,B1,11_20_1996,C,C,,,,,,,,,,
4_3926,X-B/W,BCPT,AHY,,B1,11_20_1996,C,,,,,,,,,,,
4_3928,XY-PY,BCPT,AHY,,B1,11_20_1996,C,,C,,,,,,,,,
4_3051,BX-RR,BCPT,AHY,,B2,1_20_1997,,C,S,S,,,,,,,,
4_3055,XR-PR,BCPT,AHY,,B1,1_24_1997,,CS,S,C,S,,,,,,,
4_3056,XR-YP,BCPT,AHY,,B1,1_25_1997,,C,,,,,,,,,,
4_3057,PP-XB,BCPT,AHY,,B1,1_25_1997,,C,,,,,,,,,,
4_3058,XB-YP,BCPT,AHY,,B1,1_25_1997,,C,,,,,,C,,,,
4_3059,XP-PP,BCPT,AHY,,B1,1_25_1997,,C,,,,S,,,,,,
4_3060,RX-PP,BCPT,AHY,,B1,1_25_1997,,C,,,,,,,,,,
4_3062,XY-PP,BCPT,AHY,,B1,1_26_1997,,C,S,,,,,,,,,
4_3063,XB-BB,BCPT,AHY,,B1,1_26_1997,,C,S,C,S,S,S,,,,,
4_4753,BX-YB,BCPT,AHY,,B2,3_6_1997,,,C,,,,,,,,,
4_4755,XY-PB,BCPT,AHY,,B2,3_7_1997,,,C,,,C,,,,,,
4_4756,YB-XP,BCPT,AHY,,B2,3_7_1997,,,C,,,,,,,,,
4_4757,XY-RR,BCPT,AHY,,B1,3_10_1997,,,C,,,,,,,,,
4_4758,BR-XP,BCPT,AHY,,B1,3_11_1997,,,C,,,,,,,,,
4_4759,PY-YX,BCPT,AHY,,B1,3_11_1997,,,CC,CS,,,,,,,,
4_4926,YG-XG,BCPT,AHY,,B2,11_10_1997,,,,C,,C,,,,,,
4_4927,XG-RA,BCPT,AHY,,B2,11_10_1997,,,,C,,,,,,,,
4_4929,AG-RX,BCPT,AHY,,B2,11_10_1997,,,,C,,,,,,,,
4_4932,YX-YR,BCPT,AHY,,B1,11_11_1997,,,,C,,,,,C,,,was AX-GR
4_4931,YA-GX,BCPT,AHY,,B2,11_11_1997,,,,C,,,,,,,,
4_4933,XY-AR,BCPT,AHY,,B1,11_12_1997,,,,C,,,,,,,,
4_4935,YA-XG,BCPT,AHY,,B1,11_12_1997,,,,CS,,,,,,,,
4_4936,GR-RX,BCPT,AHY,,B1,11_12_1997,,,,C,,C,,,,,,
4_4969,YA-XA,BCPT,AHY,,B1,1_21_1998,,,,,C,,,,,,,
4_4513,AX-GA,BCPT,AHY,,B1,3_3_1998,,,,,,C,S,,,,,
4_4515,YX-GR,BCPT,AHY,,B1,3_4_1998,,,,,,C,,,,,,
4_4516,GR-YX,BCPT,AHY,,B1,3_4_1998,,,,,,C,,,,,,
4_4517,YX-AG,BCPT,AHY,,B2,3_8_1998,,,,,,C,,,,,,
4_4518,YG-RX,BCPT,AHY,,B2,3_8_1998,,,,,,C,,,,,,
4_4520,RG-XY,BCPT,AHY,,B2,3_9_1998,,,,,,C,,,,,,
4_4521,RG-XR,BCPT,AHY,,B2,3_10_1998,,,,,,C,,,,,,
4_4522,X-,BCPT,AHY,,B2,3_10_1998,,,,,,C,,,,,,
4_4541,GX-GW,BCPT,AHY,,B1,1_18_1999,,,,,,,C,,,,,
4_4577,RX-WW,BCPT,AHY,,B2,1_30_1999,,,,,,,C,,,,,
4_4587,RA-XB,BCPT,AHY,,B2,1_24_2000,,,,,,,,C,,,,
4_4594,BR-RX,BCPT,AHY,,B1,1_26_2000,,,,,,,,C,,,,
4_4596,RY-BX,BCPT,AHY,,B1,1_26_2000,,,,,,,,C,,,,
4_4847,RR-XY,BCPT,AHY,,B2,2_1_2001,,,,,,,,,C,,,
4_4850,PY-XB,BCPT,AHY,,B2,2_1_2001,,,,,,,,,C,,,
4_4851,YP-XB,BCPT,AHY,,B2,2_1_2001,,,,,,,,,C,,,
4_4852,XR-BB,BCPT,AHY,,B2,2_1_2001,,,,,,,,,C,C,,
4_4839,YR-YX,BCPT,AHY,,B1,2_2_2001,,,,,,,,,C,C,,
4_4843,PX-RR,BCPT,AHY,,B2,2_2_2001,,,,,,,,,C,,,
4_4844,PX-RP,BCPT,AHY,,B2,2_2_2001,,,,,,,,,C,,,
4_4846,YX-YP,BCPT,AHY,,B2,2_2_2001,,,,,,,,,C,C,,
4_4828,BB-XY,BCPT,AHY,,B1,2_3_2001,,,,,,,,,C,,,
4_4830,YY-XX,BCPT,AHY,,B1,2_3_2001,,,,,,,,,C,,,
4_4831,PX-YY,BCPT,AHY,,B1,2_3_2001,,,,,,,,,C,,,
4_4832,YX-PY,BCPT,AHY,,B1,2_3_2001,,,,,,,,,C,,,
4_4833,YX-YR,BCPT,AHY,,B1,2_3_2001,,,,,,,,,C,,,
4_3915,PY-XP,BCPT,HY,,B2,11_14_1996,C,,,,,,,,,,,
4_3924,Y-X,BCPT,HY,,B1,11_20_1996,C,,,,,,,,,,,
4_3925,X-B,BCPT,HY,,B1,11_20_1996,C,,,,,,S,,,,,
4_3927,X-Y,BCPT,HY,,B1,11_20_1996,CC,,,,,,,,,,,
4_3929,PB-XP,BCPT,HY,,B1,11_21_1996,C,,,,,,C,C,,,,
4_3052,RX-PB,BCPT,HY,,B2,1_20_1997,,C,,,,,,,,,,
4_3053,PX-PY,BCPT,HY,,B2,1_20_1997,,C,C,,,,,,,,,
4_3054,XR-BR,BCPT,HY,,B2,1_21_1997,,CS,,,,,,,,,,
4_3061,XB-YB,BCPT,HY,,B1,1_25_1997,,C,,,,,,,,,,
4_4754,YR-XP,BCPT,HY,,B2,3_6_1997,,,C,,S,S,,,,,,
4_4760,BX-YR,BCPT,HY,,B1,3_11_1997,,,C,,,,S,,,,,
4_4761,BY-RX,BCPT,HY,,B1,3_11_1997,,,C,,,,,,,,,
4_4762,PB-RX,BCPT,HY,,B1,3_12_1997,,,C,,,S,,,,,,
4_4925,XY-GA,BCPT,HY,,B2,11_9_1997,,,,C,,,,,,,,
4_4928,YR-XA,BCPT,HY,,B2,11_10_1997,,,,CS,,,,,,,,
4_4930,RY-GX,BCPT,HY,,B2,11_11_1997,,,,CS,S,,,,,,,
4_4934,RA-(R)X,BCPT,HY,,B1,11_12_1997,,,,C,,C,,,,,,
4_4966,AY-XA,BCPT,HY,,B2,1_16_1998,,,,,C,,,,,,,
4_4967,GX-GA,BCPT,HY,,B2,1_18_1998,,,,,C,,,,,,,
4_4968,AR-XY,BCPT,HY,,B1,1_21_1998,,,,,C,,S,,,,,
4_4970,AX-Y(R),BCPT,HY,,B1,1_21_1998,,,,,C,S,S,,,,,
4_4971,GY-XA,BCPT,HY,,B1,1_22_1998,,,,,C,,S,,,,,
4_4972,YR-XG,BCPT,HY,,B1,1_22_1998,,,,,C,,,,,,,
4_4973,AY-XG,BCPT,HY,,B1,1_22_1998,,,,,C,S,,,,,,
4_4514,GR-XR,BCPT,HY,,B1,3_4_1998,,,,,,C,,,,,,
4_4519,GY-RX,BCPT,HY,,B2,3_9_1998,,,,,,C,,,,,,
4_4540,WW-XR,BCPT,HY,,B1,1_17_1999,,,,,,,C,,,,,
4_4542,RX-GW,BCPT,HY,,B1,1_18_1999,,,,,,,C,,,,,
4_4543,WX-GR,BCPT,HY,,B1,1_18_1999,,,,,,,C,,,S,,S in nest study
4_4544,XW-YY,BCPT,HY,,B1,1_18_1999,,,,,,,C,C,,,,
4_4545,GG-XW,BCPT,HY,,B1,1_19_1999,,,,,,,C,,,,,
4_4546,WX-WY,BCPT,HY,,B1,1_19_1999,,,,,,,C,,,,,
4_4547,RX-WR,BCPT,HY,,B1,1_19_1999,,,,,,,C,,,,,
4_4568,WX-YR,BCPT,HY,,B2,1_28_1999,,,,,,,C,,,,,
4_4569,WX-RY,BCPT,HY,,B2,1_28_1999,,,,,,,C,,,,,
4_4570,YX-WR,BCPT,HY,,B2,1_29_1999,,,,,,,C,,,,,
4_4571,YW-RX,BCPT,HY,,B2,1_29_1999,,,,,,,C,,C,,S,S in nest study
4_4572,YX-WY,BCPT,HY,,B2,1_29_1999,,,,,,,C,,,,,
4_4573,WR-RX,BCPT,HY,,B2,1_29_1999,,,,,,,C,,,,,
4_4574,YW-WX,BCPT,HY,,B2,1_29_1999,,,,,,,C,,,,,
4_4578,XY-WR,BCPT,HY,,B2,1_30_1999,,,,,,,C,,,,,
4_4584,BA-XR,BCPT,HY,,B2,1_24_2000,,,,,,,,C,,,,
4_4586,RB-AX,BCPT,HY,,B2,1_24_2000,,,,,,,,C,,,,
4_4588,BA-RX,BCPT,HY,,B2,1_24_2000,,,,,,,,C,,,,mites
4_4589,AR-YX,BCPT,HY,,B2,1_24_2000,,,,,,,,C,,,,
4_4590,RY-AX,BCPT,HY,,B2,1_24_2000,,,,,,,,C,,,,
4_4591,AB-XR,BCPT,HY,,B1,1_26_2000,,,,,,,,C,C,,,
4_4592,YY-RX,BCPT,HY,,B1,1_26_2000,,,,,,,,C,,,,
4_4593,AA-YX,BCPT,HY,,B1,1_26_2000,,,,,,,,C,,,,
4_4595,AX-RY,BCPT,HY,,B1,1_26_2000,,,,,,,,C,,,,
4_4598,BY-AX,BCPT,HY,,B1,1_27_2000,,,,,,,,C,,,,
4_4848,BX-BY,BCPT,HY,,B2,2_1_2001,,,,,,,,,C,,,
4_4849,YX-YB,BCPT,HY,,B2,2_1_2001,,,,,,,,,C,,,
4_4835,YB-YX,BCPT,HY,,B1,2_2_2001,,,,,,,,,C,,,winged
4_4840,XR-PP,BCPT,HY,,B1,2_2_2001,,,,,,,,,C,,,
4_4841,PX-PB,BCPT,HY,,B1,2_2_2001,,,,,,,,,C,,,
4_4842,RX-RR,BCPT,HY,,B2,2_2_2001,,,,,,,,,C,,,
4_4845,YX-YY,BCPT,HY,,B2,2_2_2001,,,,,,,,,C,,,
4_4826,PX-RB,BCPT,HY,,B1,2_4_2001,,,,,,,,,C,,,
4_4827,X-,BCPT,HY,,B1,2_4_2001,,,,,,,,,C,,,
4_3917,XP-YR,BCPT,,,B2,11_15_1996,C,,,,,,,,C,,,was BX-PP
4_3918,XP-YP,BCPT,,,B2,11_15_1996,C,,,,,,,,,,,
4_3919,(R)X-YY,BCPT,,,B2,11_15_1996,CS,,S,S,S,S,C,,,,,
4_3920,RX-BR,BCPT,,,B2,11_15_1996,C,,,,,,,,,,,
4_3921,PX-PR,BCPT,,,B2,11_15_1996,C,,,,,,,,,,,
4_3922,X-G,BCPT,,,B1,11_20_1996,CC,,,,,,,,,,,
4_4829,YP-YX,BCPT ,AHY,,B1,2_3_2001,,,,,,,,,C,,,
616,X-,BFGR,AHY,M,B1,1_26_2000,,,,,,,,C,,,,
2_6866,X-,BFGR,,F,B2,1_29_1999,,,,,,,C,,,,,
376,R(P)-XP,BTBW,AHY,F,B2,11_14_1996,CS,S,S,S,CS,S,,,,,,
382,PX-YY,BTBW,AHY,F,B2,11_15_1996,CS,CS,CS,CS,S,S,S,,,C,,
2390_24043,BY-XP,BTBW,AHY,M,B1,1_24_1997,,CS,,,,,,,,,,
2390_24320,XP-BP,BTBW,AHY,F,B2,3_5_1997,,,C,,,,,,,,,W
2390_24330,PR-XP,BTBW,AHY,F,B2,3_6_1997,,,C,,,,,,,,,W
2390_24329,PR-RX,BTBW,AHY,M,B2,3_6_1997,,,C,,,,,,,,,W
2390_24341,XB-RP,BTBW,AHY,M,B1,3_10_1997,,,C,,,,,,,,,W
1760_22671,YA-XY,BTBW,AHY,F,B1,1_21_1998,,,,,C,,,,,,,W
2110_80983,RX-GA,BTBW,AHY,M,B1,3_3_1998,,,,,,C,,,,,,W
1760_22541,GR-XY,BTBW,AHY,M,B1,3_5_1998,,,,,,C,,,,,,W
2200_16432,X-,BTBW,AHY,F,B2,2_1_2001,,,,,,,,,C,,,W
380,YX-RY,BTBW,HY,F,B2,11_14_1996,C,C,,,,,S,,,,,
383,RX-RP,BTBW,HY,F,B2,11_15_1996,C,S,,S,CS,S,,,,,,
1950_82016,PX-YR,BTBW,HY,M,B1,11_20_1996,CC,C,,,,,,,,,,
1950_82019,BR-BX,BTBW,HY,M,B1,11_20_1996,C,S,S,S,C,,,,,,,
1950_82050,RX-YR,BTBW,HY,M,B1,11_21_1996,C,C,,,,,,,,,,
2390_24034,XY-BY,BTBW,HY,M,B2,1_19_1997,,CS,,,,,,,,,,
2390_24045,XY-PY,BTBW,HY,F,B1,1_24_1997,,C,C,,,,,,,,,
2390_24053,BX-RR,BTBW,HY,M,B1,1_25_1997,,C,,,,,,,,,,W
2390_24324,XP-YY,BTBW,HY,F,B2,3_5_1997,,,C,,,,,,,,,W
2390_24319,YP-XB,BTBW,HY,M,B2,3_5_1997,,,C,,,,,,,,,W
2390_24323,BP-RX,BTBW,HY,M,B2,3_5_1997,,,C,,,,,,,,,W
2390_24339,RX-YP,BTBW,HY,F,B1,3_10_1997,,,C,,,,,,,,,W
2390_24344,PY-XY,BTBW,HY,M,B1,3_11_1997,,,C,,,,,,,,,W
1950_82559,AY-GX,BTBW,HY,F,B2,11_10_1997,,,,C,,,,,,,,W
1950_82571,AY-AX,BTBW,HY,M,B2,11_11_1997,,,,C,,,,,,,,W
1760_22674,RX-GY,BTBW,HY,M,B1,1_22_1998,,,,,CS,CS,S,,,,,
1760_22538,AX-AY,BTBW,HY,M,B1,3_4_1998,,,,,,CS,,,,,,
2140_19008,WW-XY,BTBW,HY,M,B1,1_19_1999,,,,,,,C,,C,,,
2140_20631,WX-RW,BTBW,HY,M,B2,1_29_1999,,,,,,,C,,,,,W
2140_20703,X-,BTBW,HY,M,B2,1_24_2000,,,,,,,,C,,,,W
2200_16437,X-,BTBW,HY,F,B2,2_1_2001,,,,,,,,,C,,,W
2200_16441,X-,BTBW,HY,M,B1,2_2_2001,,,,,,,,,C,,,W
910_60015,X-C,BWVI,AHY,,B2,3_6_1997,,,C,,,,,,,,,
910_60016,XB-YR,BWVI,AHY,,B1,3_11_1997,,,CS,,,,,,,,,
910_60017,RX-PP,BWVI,AHY,,B1,3_11_1997,,,C,,,,,,,,,
910_60082,GX-YA,BWVI,AHY,,B2,1_17_1998,,,,,C,,,,,,,
910_60083,AR-YX,BWVI,AHY,,B2,1_17_1998,,,,,C,,,,,,,
2121_29205,X-,BWVI,AHY,,B1,3_4_1998,,,,,,C,,,,,,
2121_29206,X-,BWVI,AHY,,B1,3_4_1998,,,,,,C,,,,,,
910_60099,X-,BWVI,AHY,,B1,3_4_1998,,,,,,C,,,,,,
910_60100,X-,BWVI,AHY,,B1,3_4_1998,,,,,,C,,,,,,
2121_29207,X-,BWVI,AHY,,B1,3_5_1998,,,,,,C,,,,,,
2121_29208,X-,BWVI,AHY,,B2,3_9_1998,,,,,,C,,,,,,
36901,X-,BWVI,AHY,,B1,1_17_1999,,,,,,,C,,,,,
910_60012,X-R,BWVI,HY,,B2,1_20_1997,,C,,,,,,,,,,
2121_29233,BX-RA,BWVI,,,B2,1_23_2000,,,,,,,,C,,,,
972_18918,X-,CGDO,AHY,M,B2,1_29_1999,,,,,,,C,,,,,
972_18921,X-,CGDO,,F,B1,1_26_2000,,,,,,,,C,,,,
972_18922,X-,CGDO,,M,B1,1_26_2000,,,,,,,,C,,,,
972_18946,X-,CGDO,,M,B2,1_31_2001,,,,,,,,,C,,,
972_18947,X-,CGDO,,M,B2,2_2_2001,,,,,,,,,C,,,
972_18919,X-,CGOO,AHY,M,B2,1_30_1999,,,,,,,C,,,,,
396,XP-YP,CMWA,AHY,M,B1,11_19_1996,C,,,,,,,,,,,W
1950_82018,XP-RY,CMWA,AHY,M,B1,11_20_1996,CS,S,S,S,,,,,,,,
1950_82025,XR-BY,CMWA,AHY,M,B1,11_20_1996,CC,,,,,,,,,,,
1950_82028,RY-XY,CMWA,AHY,M,B1,11_20_1996,C,,,,,,,,,,,W
1950_82051,RB-XP,CMWA,AHY,F,B1,11_21_1996,CS,,,,,,,,,,,
2390_24047,XR-BR,CMWA,AHY,M,B1,1_24_1997,,C,,,,,,,,,,W
2390_24059,XY-RP,CMWA,AHY,M,B1,1_25_1997,,C,,,,,,,,,,W
2390_24336,XY-RR,CMWA,AHY,M,B2,3_6_1997,,,C,,,,,,,,,W
1950_82555,XY-AY,CMWA,AHY,M,B2,11_9_1997,,,,C,,,,,,,,W
1950_82560,XA-GG,CMWA,AHY,F,B2,11_10_1997,,,,C,,,,,,,,W
1950_82565,YR-XA,CMWA,AHY,F,B2,11_10_1997,,,,C,,S,,,,,,
1950_82566,XY-YA,CMWA,AHY,F,B2,11_10_1997,,,,C,,,,,,,,W
1950_82561,XA-YY,CMWA,AHY,M,B2,11_10_1997,,,,C,,,,,,,,W
1950_82578,GY-RX,CMWA,AHY,F,B1,11_12_1997,,,,C,,,,,,,,W
1950_82576,XA-RR,CMWA,AHY,M,B1,11_12_1997,,,,C,,,,,,,,W
1760_22665,GX-YY,CMWA,AHY,M,B2,1_17_1998,,,,,C,,,,,,,W
1760_22666,YX-YA,CMWA,AHY,M,B2,1_17_1998,,,,,C,,,,,,,W
1760_22670,GA-XG,CMWA,AHY,M,B1,1_21_1998,,,,,CS,S,S,,,,,
1760_22672,XY-AG,CMWA,AHY,M,B1,1_21_1998,,,,,C,,,,,,,W
1760_22677,YG-XY,CMWA,AHY,F,B1,1_22_1998,,,,,C,S,S,,,,,
2110_80982,YX-GA,CMWA,AHY,M,B1,3_3_1998,,,,,,CS,S,,,,,
1760_22539,XY-RA,CMWA,AHY,F,B1,3_4_1998,,,,,,C,,,,,,W
1760_22540,AX-YR,CMWA,AHY,F,B1,3_4_1998,,,,,,CS,,,,,,
1760_22542,XR-RA,CMWA,AHY,M,B1,3_5_1998,,,,,,C,,,,,,W
1760_22543,YR-AX,CMWA,AHY,M,B2,3_9_1998,,,,,,C,,,,,,W
2140_19003,XY-WW,CMWA,AHY,F,B1,1_17_1999,,,,,,,C,,,,,W
2140_19007,XR-WW,CMWA,AHY,F,B1,1_18_1999,,,,,,,C,,,,,W
2140_20705,X-,CMWA,AHY,M,B1,1_25_2000,,,,,,,,C,,,,W
2140_20707,X-,CMWA,AHY,M,B1,1_26_2000,,,,,,,,C,,,,W
2140_20709,X-,CMWA,AHY,M,B1,1_26_2000,,,,,,,,C,,,,W
2200_16436,X-,CMWA,AHY,F,B2,2_1_2001,,,,,,,,,C,,,W
2200_16439,X-,CMWA,AHY,M,B1,2_2_2001,,,,,,,,,C,,,W
2200_16440,X-,CMWA,AHY,M,B1,2_2_2001,,,,,,,,,C,,,W
2200_16446,X-,CMWA,AHY,M,B1,2_3_2001,,,,,,,,,C,,,W
385,XP-RR,CMWA,HY,F,B2,11_15_1996,CS,,,,,,,,,,,
392,XY-YR,CMWA,HY,F,B1,11_19_1996,CS,CS,S,,,,,,,,,
1950_82027,XY-RB,CMWA,HY,F,B1,11_20_1996,CC,,,,,,,,,,,
1950_82035,XP-PP,CMWA,HY,F,B1,11_20_1996,C,C,,CS,,,,,,,,
1950_82037,RP-XB,CMWA,HY,F,B1,11_20_1996,CS,,,,,,,,,,,
1950_82020,BR-XR,CMWA,HY,M,B1,11_20_1996,CS,,,,,,,,,,,
1950_82030,PY-XP,CMWA,HY,M,B1,11_20_1996,C,,,S,,,,C,,,,
1950_82032,XB-YY,CMWA,HY,M,B1,11_20_1996,C,,,,,,,,,,,W
1950_82036,XP-PB,CMWA,HY,M,B1,11_20_1996,CS,S,,S,S,S,,,,,,
1950_82052,XB-RB,CMWA,HY,F,B1,11_21_1996,C,,,,,,,,,,,W
1950_82053,XP-BP,CMWA,HY,F,B1,11_21_1996,C,,,,,,,,,,,W
2390_24036,BP-XY,CMWA,HY,M,B2,1_20_1997,,CS,,S,,S,,,,,,
2390_24040,YB-XP,CMWA,HY,M,B1,1_24_1997,,C,,,,,,,,,,W
2390_24056,RX-PR,CMWA,HY,F,B1,1_25_1997,,CS,S,,,,,,,,,
2390_24049,YR-XY,CMWA,HY,M,B1,1_25_1997,,C,S,,,,,,,,,
2390_24340,XB-PP,CMWA,HY,F,B1,3_10_1997,,,C,,,,,,,,,W
1950_82554,XG-YY,CMWA,HY,F,B2,11_9_1997,,,,C,,,,,,,,W
1950_82557,XA-AG,CMWA,HY,F,B2,11_9_1997,,,,C,,,,,,,,W
1950_82553,AX-AG,CMWA,HY,M,B2,11_9_1997,,,,C,,,,,,,,W
1950_82556,XY-GR,CMWA,HY,M,B2,11_9_1997,,,,CC,,,,,,,,
1950_82569,XG-GY,CMWA,HY,F,B2,11_10_1997,,,,C,,,,,,,,W
1950_82564,XY-RG,CMWA,HY,M,B2,11_10_1997,,,,C,,,,,,,,W
1950_82568,GX-YG,CMWA,HY,M,B2,11_10_1997,,,,C,,,,,,,,W
1950_82570,AR-AX,CMWA,HY,M,B2,11_11_1997,,,,C,,,,,,,,W
1950_82572,GY-AX,CMWA,HY,M,B2,11_11_1997,,,,C,,,,,,,,W
1950_82577,XG-GR,CMWA,HY,F,B1,11_12_1997,,,,C,,,,,,,,W
1760_22663,YG-XA,CMWA,HY,F,B2,1_17_1998,,,,,CS,,,,,,,
1760_22668,YA-XG,CMWA,HY,F,B2,1_18_1998,,,,,C,,,,,,,W
1760_22678,AY-XA,CMWA,HY,F,B1,1_22_1998,,,,,C,,,,,,,W
1760_22683,YX-GY,CMWA,HY,F,B1,1_23_1998,,,,,C,,S,,,,,
2110_80984,RX-GY,CMWA,HY,M,B1,3_3_1998,,,,,,CS,S,,,,,
1760_22544,GX-GY,CMWA,HY,F,B2,3_9_1998,,,,,,C,,,,,,W
1760_22545,YG-XR,CMWA,HY,M,B2,3_9_1998,,,,,,C,,,,,,W
2140_19002,YY-XW,CMWA,HY,M,B1,1_17_1999,,,,,,,C,,,,,W
2140_19004,XY-WR,CMWA,HY,M,B1,1_17_1999,,,,,,,C,,,,,W
2140_20626,WX-WR,CMWA,HY,F,B2,1_28_1999,,,,,,,C,,,,,W
2140_20630,WX-RW,CMWA,HY,F,B2,1_29_1999,,,,,,,C,,,,,W
2140_20632,WR-XR,CMWA,HY,F,B2,1_29_1999,,,,,,,C,,,,,W
2140_20633,WY-XW,CMWA,HY,F,B2,1_30_1999,,,,,,,C,,,,,W
2140_20706,X-,CMWA,HY,F,B1,1_26_2000,,,,,,,,C,,,,W
2140_20711,X-,CMWA,HY,M,B1,1_27_2000,,,,,,,,C,,,,W
2200_16428,X-,CMWA,HY,M,B2,1_31_2001,,,,,,,,,C,,,W
2200_16429,X-,CMWA,HY,M,B2,1_31_2001,,,,,,,,,C,,,W
2200_16430,X-,CMWA,HY,M,B2,1_31_2001,,,,,,,,,C,,,W
2200_16435,X-,CMWA,HY,M,B2,2_1_2001,,,,,,,,,C,,,W
2200_16438,X-,CMWA,HY,M,B1,2_2_2001,,,,,,,,,C,,,W
2200_16442,X-,CMWA,HY,F,B1,2_3_2001,,,,,,,,,C,,,W
2200_16443,X-,CMWA,HY,M,B1,2_3_2001,,,,,,,,,C,,,W
2390_24348,XB-RY,COYE,AHY,M,B1,3_12_1997,,,C,,,,,,,,,
1511_43408,X-R,GABU,AHY,F,B2,11_14_1996,C,S,C,,,,,,,,,
1511_43405,BB-XB,GABU,AHY,M,B2,11_14_1996,C,CS,,,S,C,,,,,,
1511_43409,X-B,GABU,AHY,M,B2,11_15_1996,CC,C,,C,,,,,,,,
1511_43412,Y-X,GABU,AHY,M,B2,11_15_1996,C,C,,,S,C,,,,,,
1511_43413,X(R-R)Y,GABU,AHY,M,B2,11_15_1996,C,,,,,,C,,,,,
1511_43411,X-W,GABU,AHY,,B2,11_15_1996,C,,,,,,,,,,,
1511_43414,X-G,GABU,AHY,,B2,11_15_1996,C,,,,,,,,,,,
1511_43415,PB-XB,GABU,AHY,,B2,11_16_1996,C,,,,,,,,,,,
1511_43421,X-Y,GABU,AHY,M,B1,11_19_1996,C,,C,,,,,,,,,
1511_43420,X-R,GABU,AHY,,B1,11_19_1996,C,,,,,,,,,,,
1511_43429,X-,GABU,AHY,F,B1,11_20_1996,C,,C,,,,,,,,,
1511_43436,X-,GABU,AHY,F,B1,11_20_1996,C,C,,,,,,,,,,
1511_43425,B-X,GABU,AHY,M,B1,11_20_1996,C,,,C,,,C,,,,,
1511_43427,X-B,GABU,AHY,M,B1,11_20_1996,C,C,,C,,,,,,,,
1511_43434,X-,GABU,AHY,M,B1,11_20_1996,C,,,,C,,,C,,,,
1511_43422,X-,GABU,AHY,,B1,11_20_1996,CC,C,,,,,,,,,,
1511_43426,X-B/W,GABU,AHY,,B1,11_20_1996,C,,,,,,,,,,,
1511_43432,X-,GABU,AHY,,B1,11_20_1996,C,,,,,,,,,,,
1511_43437,X-,GABU,AHY,,B1,11_20_1996,C,,,,,,,,,,,
1511_43439,X-,GABU,AHY,,B1,11_20_1996,C,,,C,,,,,,,,
1511_43441,X-,GABU,AHY,M,B1,11_21_1996,C,,,,,C,,,,,,
1591_44004,X-,GABU,AHY,M,B2,1_19_1997,,CC,,,,,,,,,,
1591_44015,X-,GABU,AHY,M,B2,1_20_1997,,C,,,,,,,,,,
1591_44019,X-,GABU,AHY,M,B2,1_20_1997,,C,,,C,,,,,,,
1591_44013,X-,GABU,AHY,,B2,1_20_1997,,C,,,,,,,,,,
1591_44022,X-,GABU,AHY,,B2,1_20_1997,,C,,,C,,,,,,,
1591_44030,X-,GABU,AHY,M,B2,1_21_1997,,C,,,,,,,,,,
1591_44026,X-,GABU,AHY,,B2,1_21_1997,,C,,,,,,,,,,
1591_44034,X-,GABU,AHY,F,B1,1_24_1997,,C,,,,,,,,,,
1591_44037,X-,GABU,AHY,M,B1,1_24_1997,,C,,,,,,,,,,
1591_44043,X-,GABU,AHY,M,B1,1_25_1997,,C,,,,,,,,,,
1591_44047,X-,GABU,AHY,M,B1,1_25_1997,,C,,,,,,,,,,
1591_44051,X-,GABU,AHY,M,B1,1_25_1997,,C,,,,,,,,,,
1591_43827,X-,GABU,AHY,M,B2,3_5_1997,,,CC,,,,,,,,,
1591_43831,X-,GABU,AHY,M,B2,3_5_1997,,,C,,,,,,,,,
1591_43832,X-,GABU,AHY,M,B2,3_5_1997,,,C,,,,,,,,,
1591_43833,X-,GABU,AHY,M,B2,3_5_1997,,,C,,,,,,,,,
1591_43834,X-,GABU,AHY,M,B2,3_5_1997,,,C,,,,,,,,,
1591_43835,X-,GABU,AHY,M,B2,3_5_1997,,,C,,,,,,C,,,
1591_43837,X-,GABU,AHY,F,B2,3_6_1997,,,C,,,,,,,,,
1591_43838,X-,GABU,AHY,F,B2,3_6_1997,,,C,,,,,,,,,
1591_43849,X-,GABU,AHY,F,B2,3_6_1997,,,C,,,,,,,,,
1591_43840,X-,GABU,AHY,M,B2,3_6_1997,,,C,,,,,,,,,
1591_43841,X-,GABU,AHY,M,B2,3_6_1997,,,C,,,,,,,,,
1591_43843,X-,GABU,AHY,M,B2,3_6_1997,,,C,,,,,,,,,
1591_43852,X-,GABU,AHY,M,B2,3_6_1997,,,C,,,C,,,,,,
1591_43855,X-,GABU,AHY,F,B2,3_7_1997,,,C,,,,,,,,,
1591_43857,X-,GABU,AHY,F,B2,3_7_1997,,,C,,,,,,,,,
1591_43858,X-,GABU,AHY,M,B2,3_7_1997,,,C,,,,,,,,,
1591_43859,X-,GABU,AHY,M,B2,3_7_1997,,,C,,,,,,,,,
1591_43860,X-,GABU,AHY,F,B1,3_10_1997,,,C,,,,,,,,,
1591_43863,X-,GABU,AHY,F,B1,3_10_1997,,,C,,,,,,,,,
1591_43864,X-,GABU,AHY,F,B1,3_10_1997,,,C,,,,,,,,,
1591_43865,X-,GABU,AHY,F,B1,3_10_1997,,,C,,,,,,,,,
1591_43867,X-,GABU,AHY,F,B1,3_10_1997,,,C,,,,,,,,,
1591_43868,X-,GABU,AHY,F,B1,3_10_1997,,,C,,,,,,,,,
1591_43869,X-,GABU,AHY,F,B1,3_10_1997,,,C,,,,,,,,,
1591_43861,X-,GABU,AHY,M,B1,3_10_1997,,,C,,,,,,,,,
1591_43871,X-,GABU,AHY,F,B1,3_11_1997,,,C,,,,,,,,,
1591_43877,X-,GABU,AHY,F,B1,3_11_1997,,,C,,,,,,,,,
1591_43878,X-,GABU,AHY,F,B1,3_11_1997,,,C,,,,,,,,,
1591_43872,X-,GABU,AHY,M,B1,3_11_1997,,,C,,,,,,,,,
1591_43881,X-,GABU,AHY,F,B1,3_12_1997,,,C,,,,,,,,,
1591_43880,X-,GABU,AHY,M,B1,3_12_1997,,,C,,,,,,,,,
1591_43882,X-,GABU,AHY,M,B1,3_12_1997,,,C,,,,,,,,,
1591_43936,X-,GABU,AHY,F,B2,11_9_1997,,,,C,,,,,,,,
1591_43942,X-,GABU,AHY,F,B2,11_9_1997,,,,C,,C,,,,,,
1591_43935,X-,GABU,AHY,M,B2,11_9_1997,,,,C,C,C,,,,,,
1591_43940,X-,GABU,AHY,M,B2,11_9_1997,,,,C,,,,,,,,
1591_43944,X-,GABU,AHY,F,B2,11_10_1997,,,,C,,,,,,,,
1591_43945,X-,GABU,AHY,F,B2,11_10_1997,,,,C,,,,,,,,
1591_43946,X-,GABU,AHY,F,B2,11_10_1997,,,,C,,,,,,,,
1591_43948,X-,GABU,AHY,F,B2,11_10_1997,,,,C,,,,,,,,
1591_43950,X-,GABU,AHY,F,B2,11_10_1997,,,,C,,,,,,,,
1591_43949,X-,GABU,AHY,M,B2,11_10_1997,,,,C,,,,,,,,
1591_43951,X-,GABU,AHY,M,B2,11_10_1997,,,,C,,,,,,,,
1591_43952,X-,GABU,AHY,M,B2,11_10_1997,,,,C,,,,,,,,
1591_43955,X-,GABU,AHY,M,B2,11_10_1997,,,,C,,,,,,,,
1591_43947,X-,GABU,AHY,,B2,11_10_1997,,,,C,,,,,,,,
1591_43966,X-,GABU,AHY,F,B1,11_11_1997,,,,C,,,C,,,,,
1591_43959,X-,GABU,AHY,F,B2,11_11_1997,,,,C,,,,,,,,
981_31270,X-,GABU,AHY,M,B1,11_11_1997,,,,C,,,,,,,,
1591_43956,X-,GABU,AHY,M,B2,11_11_1997,,,,C,,,,,,,,
1591_43957,X-,GABU,AHY,M,B2,11_11_1997,,,,C,,,,,,,,
1591_43958,X-,GABU,AHY,M,B2,11_11_1997,,,,C,,,,,,,,
1591_43961,X-,GABU,AHY,M,B2,11_11_1997,,,,C,,,,,,,,
1591_43967,X-,GABU,AHY,F,B1,11_12_1997,,,,C,,,,,,,,
1591_43970,X-,GABU,AHY,F,B1,11_12_1997,,,,C,,,,,,,,
1591_43975,X-,GABU,AHY,F,B1,11_12_1997,,,,C,,,,,,,,
1591_43968,X-,GABU,AHY,M,B1,11_12_1997,,,,C,,,,,,,,
1591_43971,X-,GABU,AHY,M,B1,11_12_1997,,,,C,,,,,,,,
1591_43976,X-,GABU,AHY,F,B1,11_13_1997,,,,C,,,,,,,,
1521_02555,X-,GABU,AHY,F,B2,1_16_1998,,,,,C,,,,,,,
1521_02563,X-,GABU,AHY,F,B2,1_17_1998,,,,,C,,,,,,,
1521_02566,X-,GABU,AHY,F,B2,1_17_1998,,,,,C,,,,,,,
1521_02574,X-,GABU,AHY,F,B2,1_17_1998,,,,,C,,,,,,,
1521_02576,X-,GABU,AHY,F,B2,1_17_1998,,,,,C,,,,,,,
1521_02561,X-,GABU,AHY,M,B2,1_17_1998,,,,,C,,,,,,,
1521_02564,X-,GABU,AHY,M,B2,1_17_1998,,,,,C,,,,,,,
1521_02569,X-,GABU,AHY,M,B2,1_17_1998,,,,,C,,,,,,,
1521_02578,X-,GABU,AHY,F,B2,1_18_1998,,,,,C,,,,,,,
1521_02577,X-,GABU,AHY,M,B2,1_18_1998,,,,,C,,,,,,,
1521_02581,X-,GABU,AHY,M,B2,1_18_1998,,,,,C,,,,,,,
1521_02583,X-,GABU,AHY,F,B1,1_21_1998,,,,,C,,,,,,,
1521_02586,X-,GABU,AHY,F,B1,1_22_1998,,,,,C,,,,,,,
1521_02590,X-,GABU,AHY,F,B1,1_22_1998,,,,,C,,,,,,,
1521_02591,X-,GABU,AHY,F,B1,1_22_1998,,,,,C,,,,,,,
1521_02592,X-,GABU,AHY,F,B1,1_22_1998,,,,,C,,,,,,,
1521_02594,X-,GABU,AHY,F,B1,1_22_1998,,,,,C,,,,,,,
1521_02588,X-,GABU,AHY,M,B1,1_22_1998,,,,,C,,,,,,,
1591_44103,X-,GABU,AHY,M,B1,1_23_1998,,,,,C,C,C,,,,,
1591_44138,X-,GABU,AHY,M,B1,3_4_1998,,,,,,C,,C,,,,
1591_44139,X-,GABU,AHY,M,B1,3_4_1998,,,,,,C,,,,,,
1591_44140,X-,GABU,AHY,M,B1,3_4_1998,,,,,,C,,,,,,
1591_44142,X-,GABU,AHY,M,B1,3_4_1998,,,,,,C,,,,,,
1591_44144,X-,GABU,AHY,F,B1,3_5_1998,,,,,,C,,,,,,
1591_44145,X-,GABU,AHY,F,B1,3_5_1998,,,,,,C,,,,,,
1591_44147,X-,GABU,AHY,F,B2,3_8_1998,,,,,,C,,,,,,
1591_44148,X-,GABU,AHY,M,B2,3_8_1998,,,,,,C,,,,,,
1591_44151,X-,GABU,AHY,F,B2,3_9_1998,,,,,,C,,,,,,
1591_44154,X-,GABU,AHY,F,B2,3_9_1998,,,,,,C,,,,,,
1591_44150,X-,GABU,AHY,M,B2,3_9_1998,,,,,,C,,,,,,
1591_44153,X-,GABU,AHY,M,B2,3_9_1998,,,,,,C,,,,,,
1591_44158,X-,GABU,AHY,M,B2,3_10_1998,,,,,,C,,,C,,,
1591_44200,X-,GABU,AHY,F,B1,1_17_1999,,,,,,,C,,,,,
1591_44199,X-,GABU,AHY,M,B1,1_17_1999,,,,,,,C,,,,,
1591_44204,X-,GABU,AHY,M,B1,1_17_1999,,,,,,,C,,,,,
1591_44210,X-,GABU,AHY,M,B1,1_18_1999,,,,,,,C,,,,,
1591_44212,X-,GABU,AHY,M,B1,1_19_1999,,,,,,,C,,,,,
1591_44246,X-,GABU,AHY,F,B2,1_28_1999,,,,,,,C,,,,,
1591_44243,X-,GABU,AHY,M,B2,1_28_1999,,,,,,,C,,,,,
1591_44247,X-,GABU,AHY,M,B2,1_28_1999,,,,,,,C,,,,,
1591_44251,X-,GABU,AHY,F,B2,1_29_1999,,,,,,,C,,,,,
1591_44252,X-,GABU,AHY,F,B2,1_29_1999,,,,,,,C,,,,,
1591_44250,X-,GABU,AHY,M,B2,1_29_1999,,,,,,,C,,,,,
1591_44255,X-,GABU,AHY,M,B2,1_29_1999,,,,,,,C,C,C,,,
1591_44257,X-,GABU,AHY,M,B2,1_29_1999,,,,,,,C,,,,,
1591_44260,X-,GABU,AHY,F,B2,1_30_1999,,,,,,,C,,,,,
1591_44259,X-,GABU,AHY,M,B2,1_30_1999,,,,,,,C,,,,,
1591_44269,X-,GABU,AHY,M,B2,1_24_2000,,,,,,,,C,,,,
1591_44273,X-,GABU,AHY,M,B2,1_24_2000,,,,,,,,C,,,,
1591_44280,X-,GABU,AHY,F,B1,1_25_2000,,,,,,,,C,,,,
1591_44284,X-,GABU,AHY,M,B1,1_25_2000,,,,,,,,C,,,,
1591_44294,X-,GABU,AHY,F,B1,1_26_2000,,,,,,,,C,,,,
1591_44287,X-,GABU,AHY,M,B1,1_26_2000,,,,,,,,C,,,,
1591_44289,X-,GABU,AHY,M,B1,1_26_2000,,,,,,,,C,,,,
1591_44297,X-,GABU,AHY,F,B1,1_27_2000,,,,,,,,C,,,,
1591_82631,X-,GABU,AHY,F,B2,2_1_2001,,,,,,,,,C,,,
1591_82635,X-,GABU,AHY,F,B2,2_1_2001,,,,,,,,,C,,,
1591_82638,X-,GABU,AHY,F,B2,2_1_2001,,,,,,,,,C,,,
1591_82639,X-,GABU,AHY,M,B2,2_1_2001,,,,,,,,,C,,,
1591_82651,X-,GABU,AHY,F,B1,2_3_2001,,,,,,,,,C,,,
1591_82656,X-,GABU,AHY,F,B1,2_4_2001,,,,,,,,,C,,,
1591_82657,X-,GABU,AHY,M,B1,2_4_2001,,,,,,,,,C,,,
1511_43407,X-(Y),GABU,HY,M,B2,11_14_1996,CS,,,,S,,C,,,,,
1511_43417,YB-XB,GABU,HY,,B2,11_16_1996,CS,,,,,,,,,,,
1511_43418,XB-RB,GABU,HY,,B2,11_16_1996,C,,,,,,,,,,,
1511_43419,XB-RY,GABU,HY,,B2,11_16_1996,C,,,,,,,,,,,
1511_43424,X,GABU,HY,,B1,11_20_1996,C,C,,,,,,,,,,
1511_43428,X-,GABU,HY,,B1,11_20_1996,CC,,,,,,,,,,,
1511_43430,X-,GABU,HY,,B1,11_20_1996,C,,,,,,,,,,,
1511_43431,X-,GABU,HY,,B1,11_20_1996,C,,,,,,,,,,,
1511_43435,X-,GABU,HY,,B1,11_20_1996,C,C,,,,,,,,,,
1511_43438,X-,GABU,HY,,B1,11_20_1996,C,,,,,,,,,,,
1511_43440,X-,GABU,HY,,B1,11_21_1996,C,,,,,,,,,,,
1511_43442,X-,GABU,HY,,B1,11_21_1996,C,,,,,,,,,,,
1591_44018,X-,GABU,HY,F,B2,1_20_1997,,CC,,,,C,,,,,,
1591_44005,X-,GABU,HY,,B2,1_20_1997,,C,,,,,,,,,,
1591_44006,X-,GABU,HY,,B2,1_20_1997,,C,,,,,,,,,,
1591_44007,X-,GABU,HY,,B2,1_20_1997,,C,,,,,,,,,,
1591_44008,X-,GABU,HY,,B2,1_20_1997,,C,,,,,,,,,,
1591_44009,X-,GABU,HY,,B2,1_20_1997,,C,,,,,,,,,,
1591_44010,X-,GABU,HY,,B2,1_20_1997,,C,,,,,,,,,,
1591_44011,X-,GABU,HY,,B2,1_20_1997,,C,,,,,,,,,,
1591_44012,X-,GABU,HY,,B2,1_20_1997,,C,,,,,,,,,,
1591_44014,X-,GABU,HY,,B2,1_20_1997,,C,,,,,,,,,,
1591_44016,X-,GABU,HY,,B2,1_20_1997,,C,,,,,,,,,,
1591_44017,X-,GABU,HY,,B2,1_20_1997,,C,,,,,,,,,,
1591_44020,X-,GABU,HY,,B2,1_20_1997,,C,,,,,,,,,,
1591_44021,X-,GABU,HY,,B2,1_20_1997,,C,,,,,,,,,,
1591_44023,X-,GABU,HY,,B2,1_20_1997,,C,,,,,,,,,,
1591_44024,X-,GABU,HY,M,B2,1_21_1997,,C,,,,,,,,,,
1591_44025,X-,GABU,HY,,B2,1_21_1997,,C,,,,,,,,,,
1591_44028,X-,GABU,HY,,B2,1_21_1997,,C,,,,C,,,,,,
1591_44029,X-,GABU,HY,,B2,1_21_1997,,C,,,,,,,,,,
1591_44031,X-,GABU,HY,,B2,1_21_1997,,C,,,,,,,,,,
1591_44033,X-,GABU,HY,,B2,1_21_1997,,C,,,,,,,,,,
1591_44038,X-,GABU,HY,,B1,1_24_1997,,C,,,,,,,,,,
1591_44039,X-,GABU,HY,,B1,1_25_1997,,C,,,,,,,,,,
1591_44041,X-,GABU,HY,,B1,1_25_1997,,C,,,,,,,,,,
1591_44042,X-,GABU,HY,,B1,1_25_1997,,C,,,,,,,,,,
1591_44044,X-,GABU,HY,,B1,1_25_1997,,C,,,,,,,,,,
1591_44045,X-,GABU,HY,,B1,1_25_1997,,C,,,,,,,,,,
1591_44046,X-,GABU,HY,,B1,1_25_1997,,C,,,,,,,,,,
1591_44048,X-,GABU,HY,,B1,1_25_1997,,C,,,,,,,,,,
1591_44049,X-,GABU,HY,,B1,1_25_1997,,C,,,,,,,,,,
1591_44050,X-,GABU,HY,,B1,1_25_1997,,C,,,,,,,,,,
1591_44052,X-,GABU,HY,,B1,1_25_1997,,C,,,,,,,,,,
1591_44054,X-,GABU,HY,,B1,1_26_1997,,C,,,,,,,,,,
1591_44055,X-,GABU,HY,,B1,1_26_1997,,C,,,,,,,,,,
1591_43825,X-,GABU,HY,,B2,3_5_1997,,,C,,,,,,,,,
1591_43826,X-,GABU,HY,,B2,3_5_1997,,,C,,,,,,,,,
1591_43828,X-,GABU,HY,,B2,3_5_1997,,,C,,,,,,,,,
1591_43829,X-,GABU,HY,,B2,3_5_1997,,,CC,,,,,,,,,
1591_43836,X-,GABU,HY,,B2,3_5_1997,,,C,,,,,,,,,
981_31223,X-,GABU,HY,F,B2,3_6_1997,,,C,,,,,,,,,
1591_43839,X-,GABU,HY,,B2,3_6_1997,,,C,,,,,,,,,
1591_43842,X-,GABU,HY,,B2,3_6_1997,,,C,,,,,,,,,
1591_43844,X-,GABU,HY,,B2,3_6_1997,,,C,,,,,,,,,
1591_43845,X-,GABU,HY,,B2,3_6_1997,,,C,,,,,,,,,
1591_43846,X-,GABU,HY,,B2,3_6_1997,,,C,,,,,,,,,
1591_43847,X-,GABU,HY,,B2,3_6_1997,,,C,,,,,,,,,
1591_43848,X-,GABU,HY,,B2,3_6_1997,,,C,,,,,,,,,
1591_43854,X-,GABU,HY,,B2,3_6_1997,,,C,,,,,,,,,
1591_43856,X-,GABU,HY,F,B2,3_7_1997,,,C,,,,,,,,,
1591_43866,X-,GABU,HY,M,B1,3_10_1997,,,C,,,,,,,,,
1591_43874,X-,GABU,HY,F,B1,3_11_1997,,,C,,,,,,,,,
1591_43875,X-,GABU,HY,F,B1,3_11_1997,,,C,,,,,,,,,
1591_43876,X-,GABU,HY,F,B1,3_11_1997,,,CC,C,,,,,,,,
1591_43870,X-,GABU,HY,,B1,3_11_1997,,,C,,,,,,,,,
1591_43937,X-,GABU,HY,,B2,11_9_1997,,,,C,,,,,,,,
1591_43938,X-,GABU,HY,,B2,11_9_1997,,,,C,,,,,,,,
1591_43939,X-,GABU,HY,,B2,11_9_1997,,,,C,,,,,,,,
1591_43941,X-,GABU,HY,,B2,11_9_1997,,,,C,,,,,,,,
4_4924,X-,GABU,HY,,B2,11_9_1997,,,,CC,,,,,,,,
1591_43954,X-,GABU,HY,F,B2,11_10_1997,,,,C,,,C,,,,,
1591_43953,X-,GABU,HY,,B2,11_10_1997,,,,C,,,,,,,,
1591_43964,X-,GABU,HY,F,B1,11_11_1997,,,,C,,C,C,,,,,
1591_43963,X-,GABU,HY,,B1,11_11_1997,,,,C,,,,,,,,
1591_43965,X-,GABU,HY,,B1,11_11_1997,,,,C,,,,,,,,
1591_43960,X-,GABU,HY,,B2,11_11_1997,,,,C,,,,,,,,
1591_43972,X-,GABU,HY,,B1,11_12_1997,,,,C,,,,,,,,
1591_43973,X-,GABU,HY,,B1,11_12_1997,,,,C,C,,,,,,,
1591_43977,X-,GABU,HY,,B1,11_13_1997,,,,C,,,,,,,,
1521_02554,X-,GABU,HY,M,B2,1_16_1998,,,,,C,C,,,,,,
1521_02556,X-,GABU,HY,,B2,1_16_1998,,,,,C,,,,,,,
1521_02557,X-,GABU,HY,,B2,1_16_1998,,,,,C,,,,,,,
1521_02558,X-,GABU,HY,,B2,1_16_1998,,,,,C,,,,,,,
1521_02559,X-,GABU,HY,,B2,1_16_1998,,,,,C,,,,,,,
1521_02568,X-,GABU,HY,F,B2,1_17_1998,,,,,C,,C,,,,,
1521_02573,X-,GABU,HY,F,B2,1_17_1998,,,,,C,,C,,,,,
1521_02560,X-,GABU,HY,,B2,1_17_1998,,,,,C,,,,,,,
1521_02562,X-,GABU,HY,,B2,1_17_1998,,,,,C,,,,,,,
1521_02567,X-,GABU,HY,,B2,1_17_1998,,,,,C,,,,,,,
1521_02575,X-,GABU,HY,,B2,1_17_1998,,,,,C,,,,,,,
1521_02580,X-,GABU,HY,,B2,1_18_1998,,,,,C,,,,,,,
1521_02582,X-,GABU,HY,,B2,1_18_1998,,,,,C,,,,,,,
1521_02585,X-,GABU,HY,,B1,1_21_1998,,,,,C,,,,,,,
1521_02587,X-,GABU,HY,M,B1,1_22_1998,,,,,C,,,,,,,
1521_02593,X-,GABU,HY,,B1,1_22_1998,,,,,C,,,,,,,
1521_02595,X-,GABU,HY,,B1,1_22_1998,,,,,C,,,,,,,
1521_02596,X-,GABU,HY,,B1,1_22_1998,,,,,C,,,,,,,
1521_02597,X-,GABU,HY,,B1,1_22_1998,,,,,C,,,,,,,
1521_02599,X-,GABU,HY,,B1,1_22_1998,,,,,C,,,,,,,
1591_44143,X-,GABU,HY,,B1,3_4_1998,,,,,,C,,,,,,
1591_44146,X-,GABU,HY,F,B1,3_5_1998,,,,,,C,C,,,,,
1591_44152,X-,GABU,HY,M,B2,3_9_1998,,,,,,C,C,,,,,
1591_44156,X-,GABU,HY,M,B2,3_9_1998,,,,,,C,,,,,,
1591_44155,X-,GABU,HY,,B2,3_9_1998,,,,,,C,,,,,,
1591_44157,X-,GABU,HY,,B2,3_10_1998,,,,,,C,,,,,,
1591_44159,X-,GABU,HY,,B2,3_10_1998,,,,,,C,,,,,,
1591_44160,X-,GABU,HY,,B2,3_10_1998,,,,,,C,,,,,,
1591_44201,X-,GABU,HY,F,B1,1_17_1999,,,,,,,C,,,,,
1591_44202,X-,GABU,HY,,B1,1_17_1999,,,,,,,C,,,,,
1591_44203,X-,GABU,HY,,B1,1_17_1999,,,,,,,C,,,,,
1591_44205,X-,GABU,HY,,B1,1_17_1999,,,,,,,C,,,,,
1591_44206,X-,GABU,HY,M,B1,1_18_1999,,,,,,,C,,C,,,
1591_44207,X-,GABU,HY,,B1,1_18_1999,,,,,,,C,,,,,
1591_44208,X-,GABU,HY,,B1,1_18_1999,,,,,,,C,,,,,
1591_44209,X-,GABU,HY,,B1,1_18_1999,,,,,,,C,,,,,
1591_44211,X-,GABU,HY,,B1,1_18_1999,,,,,,,C,,,,,
1591_44213,X-,GABU,HY,,B1,1_19_1999,,,,,,,C,,,,,
1591_44214,X-,GABU,HY,,B1,1_19_1999,,,,,,,C,,,,,
1591_44215,X-,GABU,HY,,B1,1_19_1999,,,,,,,C,,,,,
1591_44216,X-,GABU,HY,,B1,1_19_1999,,,,,,,C,,,,,
1591_44241,X-,GABU,HY,,B2,1_28_1999,,,,,,,C,,,,,
1591_44242,X-,GABU,HY,,B2,1_28_1999,,,,,,,C,,,,,
1591_44244,X-,GABU,HY,,B2,1_28_1999,,,,,,,C,,,,,
1591_44245,X-,GABU,HY,,B2,1_28_1999,,,,,,,C,,,,,
1591_44248,X-,GABU,HY,,B2,1_28_1999,,,,,,,C,,,,,
1591_44249,X-,GABU,HY,,B2,1_28_1999,,,,,,,C,,,,,
1591_44253,X-,GABU,HY,,B2,1_29_1999,,,,,,,C,,,,,
1591_44256,X-,GABU,HY,,B2,1_29_1999,,,,,,,C,,,,,
1591_44258,X-,GABU,HY,,B2,1_29_1999,,,,,,,C,,,,,
1591_44266,X-,GABU,HY,F,B2,1_23_2000,,,,,,,,C,,,,
1591_44267,X-,GABU,HY,F,B2,1_23_2000,,,,,,,,C,,,,
1591_44268,X-,GABU,HY,F,B2,1_23_2000,,,,,,,,C,,,,
1591_44272,X-,GABU,HY,F,B2,1_24_2000,,,,,,,,C,,,,
1591_44275,X-,GABU,HY,F,B2,1_24_2000,,,,,,,,C,,,,
1591_44276,X-,GABU,HY,F,B2,1_24_2000,,,,,,,,C,,,,
1591_44270,X-,GABU,HY,M,B2,1_24_2000,,,,,,,,C,,,,
1591_44271,X-,GABU,HY,M,B2,1_24_2000,,,,,,,,C,,,,
1591_44274,X-,GABU,HY,M,B2,1_24_2000,,,,,,,,C,,,,
1591_44277,X-,GABU,HY,M,B2,1_24_2000,,,,,,,,C,,,,
1591_44281,X-,GABU,HY,M,B1,1_25_2000,,,,,,,,C,,,,
1591_44282,X-,GABU,HY,M,B1,1_25_2000,,,,,,,,C,,,,
1591_44283,X-,GABU,HY,M,B1,1_25_2000,,,,,,,,C,,,,
1591_44278,X-,GABU,HY,M,B2,1_25_2000,,,,,,,,C,,,,
1591_44279,X-,GABU,HY,,B2,1_25_2000,,,,,,,,C,,,,
1591_44285,X-,GABU,HY,F,B1,1_26_2000,,,,,,,,C,,C,,
1591_44286,X-,GABU,HY,F,B1,1_26_2000,,,,,,,,C,,,,
1591_44288,X-,GABU,HY,F,B1,1_26_2000,,,,,,,,C,,,,
1591_44293,X-,GABU,HY,F,B1,1_26_2000,,,,,,,,C,,,,
1591_44290,X-,GABU,HY,,B1,1_26_2000,,,,,,,,C,,,,
1591_44292,X-,GABU,HY,,B1,1_26_2000,,,,,,,,C,,,,
1591_44295,X-,GABU,HY,M,B1,1_27_2000,,,,,,,,C,,,,
1591_44296,X-,GABU,HY,M,B1,1_27_2000,,,,,,,,C,,,,
1591_44298,X-,GABU,HY,,B1,1_27_2000,,,,,,,,C,,,,
1591_82630,X-,GABU,HY,F,B2,1_31_2001,,,,,,,,,C,,,
1591_82632,X-,GABU,HY,F,B2,2_1_2001,,,,,,,,,C,,,
1591_82641,X-,GABU,HY,F,B2,2_1_2001,,,,,,,,,C,,,
1591_82642,X-,GABU,HY,F,B2,2_1_2001,,,,,,,,,C,,,
1591_82643,X-,GABU,HY,F,B2,2_1_2001,,,,,,,,,C,,,
1591_82644,X-,GABU,HY,F,B2,2_1_2001,,,,,,,,,C,,,
1591_82645,X-,GABU,HY,F,B2,2_1_2001,,,,,,,,,C,,,
1591_82636,X-,GABU,HY,M,B2,2_1_2001,,,,,,,,,C,,,
1591_82637,X-,GABU,HY,M,B2,2_1_2001,,,,,,,,,C,,,
1591_82633,X-,GABU,HY,,B2,2_1_2001,,,,,,,,,C,,,
4_4836,x-,GABU,HY,F,B1,2_2_2001,,,,,,,,,C,,,
4_4837,x-,GABU,HY,F,B1,2_2_2001,,,,,,,,,C,,,
4_4838,x-,GABU,HY,F,B1,2_2_2001,,,,,,,,,C,,,
1591_82647,X-,GABU,HY,F,B2,2_2_2001,,,,,,,,,C,C,,
1591_82648,X-,GABU,HY,F,B2,2_2_2001,,,,,,,,,C,,,
1591_82649,X-,GABU,HY,F,B2,2_2_2001,,,,,,,,,C,,,
1591_82650,X-,GABU,HY,M,B1,2_2_2001,,,,,,,,,C,,,
1591_82646,X-,GABU,HY,M,B2,2_2_2001,,,,,,,,,C,,,
1591_82652,X-,GABU,HY,F,B1,2_3_2001,,,,,,,,,C,,,
1591_82654,X-,GABU,HY,F,B1,2_3_2001,,,,,,,,,C,,,
1591_82655,X-,GABU,HY,F,B1,2_4_2001,,,,,,,,,C,,,
1511_43404,RR-XR,GABU,,,B2,11_14_1996,CS,,,,,,,,,,,
1511_43410,X-R,GABU,,,B2,11_15_1996,C,,,,,,,,,,,
1591_44002,X-,GABU,,,B2,1_19_1997,,C,,,,,,,,,,
2140_20702,YR-XB,GAPE,,,B2,1_23_2000,,,,,,,,C,,,,
2390_24037,XY-P(Y),GREP,AHY,,B2,1_21_1997,,C,,,C,S,,,,,,
2390_24327,X-R,GREP,AHY,,B2,3_5_1997,,,C,,,,,,,,,mites
1950_82013,X-(G),GREP,,,B1,11_19_1996,C,,,,,,C,,,,,
1950_82039,X-R,GREP,,,B1,11_20_1996,C,,,,,,,,,,,
1950_82041,X-Y,GREP,,,B1,11_20_1996,C,,,,,,,,,,,
2390_24326,YB-XP,GREP,,,B2,3_5_1997,,,C,,,,,,,,,
1760_22660,YR-XG,GREP,,,B2,1_16_1998,,,,,CS,,,,,,,
1760_22673,GY-XY,GREP,,,B1,1_22_1998,,,,,C,,,,,,,
1760_22675,YR-XA,GREP,,,B1,1_22_1998,,,,,C,,,,,,,
1760_22681,AX-RY,GREP,,,B1,1_23_1998,,,,,C,,,,,,,mites
2140_19005,WX-GY,GREP,,,B1,1_18_1999,,,,,,,C,,,,,
2140_20629,YX-WY,GREP,,,B2,1_29_1999,,,,,,,C,,,,,
3A_008,YX-BY,GREP,,,B1,2_3_2001,,,,,,,,,C,,,
3A_010,XY-YR,GREP,,,B1,2_3_2001,,,,,,,,,C,C,,
372,X-A,GRWA,AHY,,B2,11_14_1996,CS,,,,C,,,,C,,,
2_5809,X-R,GRWA,AHY,,B2,11_14_1996,C,,,,,,,,,,,
2_5810,X-P,GRWA,AHY,,B2,11_15_1996,C,CS,C,S,S,S,S,,,,,
2_5812,YR-BX,GRWA,AHY,,B2,11_16_1996,C,,,,,,,C,,C,,
2_5815,PX-RR,GRWA,AHY,,B1,11_19_1996,C,CS,C,CS,S,,,,,,,
2_5816,RX-YP,GRWA,AHY,,B1,11_19_1996,C,C,C,S,,,,,,,,
2_5817,X-R,GRWA,AHY,,B1,11_20_1996,CC,C,,,,S,S,,,,,
2_5818,X-GG,GRWA,AHY,,B1,11_20_1996,C,,,,,,,,,,,
2_5820,C-X,GRWA,AHY,,B1,11_20_1996,C,C,S,,,,,,,,,
2_5821,Y-X,GRWA,AHY,,B1,11_20_1996,C,C,C,,,,,,,,,
2_5822,X-B/W,GRWA,AHY,,B1,11_20_1996,C,C,,C,S,C,S,,,,,
2_5823,X-B,GRWA,AHY,,B1,11_20_1996,C,C,,,,S,,,,,,
2_5824,PP-YX,GRWA,AHY,,B1,11_21_1996,C,,,,,,,,,,,
2_5863,YY-PX,GRWA,AHY,,B2,1_19_1997,,C,,,,,S,,,,,
2_5864,PX-YY,GRWA,AHY,,B2,1_19_1997,,C,,,,,S,,,,,
2_5866,RX-RY,GRWA,AHY,,B2,1_20_1997,,C,,,,,,,,,,
2_5867,BX-YY,GRWA,AHY,,B2,1_20_1997,,C,CS,,C,,,,,,,
2_5870,BX-BY,GRWA,AHY,,B1,1_25_1997,,C,,,,CS,S,C,,,,
2_5872,PX-PR,GRWA,AHY,,B1,1_26_1997,,CS,,S,S,S,S,,C,,,
2_5873,YX-YY,GRWA,AHY,,B1,1_26_1997,,C,,S,,S,,,,,,
2_5896,XB-RP,GRWA,AHY,,B2,3_6_1997,,,C,,S,,,,,,,
2_5899,PX-BR,GRWA,AHY,,B1,3_11_1997,,,C,,,,C,,,,,
2_5900,YP-XP,GRWA,AHY,,B1,3_11_1997,,,CS,C,S,C,CS,C,C,,,
2_6921,YR-XG,GRWA,AHY,,B2,11_10_1997,,,,C,,,CS,,,,,
2_6922,GX-YR,GRWA,AHY,,B2,11_10_1997,,,,C,,S,S,,,,,
2_6923,GY-GX,GRWA,AHY,,B1,11_11_1997,,,,C,,,,,,,,
2_6924,YG-RX,GRWA,AHY,,B1,11_11_1997,,,,CC,S,S,S,,C,,,
2_6925,GA-XY,GRWA,AHY,,B1,11_12_1997,,,,C,,,,,,C,,
2_6926,XG-AA,GRWA,AHY,,B1,11_12_1997,,,,C,,,,,,,,
2_6928,YX-RG,GRWA,AHY,,B1,11_13_1997,,,,C,,,,,,,,
2_6949,RX-AY,GRWA,AHY,,B1,1_21_1998,,,,,C,,,,,,,
2_6950,X-G,GRWA,AHY,,B1,1_22_1998,,,,,C,,,,,,,mites
2_6951,RX-YA,GRWA,AHY,,B1,1_22_1998,,,,,C,C,,,,,,choking in Mar 98
2_6952,RY-GX,GRWA,AHY,,B1,1_22_1998,,,,,C,,S,,,C,,
2_6957,YG-XY,GRWA,AHY,,B1,3_4_1998,,,,,,C,S,,,,,
2_6958,AR-RX,GRWA,AHY,,B1,3_4_1998,,,,,,CS,S,C,,S,S,S (2002-03) in nest study
2_5488,RR-XW,GRWA,AHY,,B1,1_18_1999,,,,,,,C,,,,,
2_5496,WW-XY,GRWA,AHY,,B1,1_19_1999,,,,,,,C,C,C,,,
603,RB-YX,GRWA,AHY,,B2,1_24_2000,,,,,,,,C,,,,
2_6896,YA-XR,GRWA,AHY,,B2,1_24_2000,,,,,,,,C,,,,
2_6898,YX-BA,GRWA,AHY,,B2,1_24_2000,,,,,,,,C,,,,
2_6899,YX-AR,GRWA,AHY,,B2,1_24_2000,,,,,,,,C,,S,,S during nest study
2_6900,RY-XB,GRWA,AHY,,B2,1_24_2000,,,,,,,,C,,,,
608,RA-RX,GRWA,AHY,,B2,1_25_2000,,,,,,,,C,,,,
621,YB-AX,GRWA,AHY,,B1,1_26_2000,,,,,,,,C,,S,,S in nest study
626,BR-XY,GRWA,AHY,,B1,1_27_2000,,,,,,,,C,,,,
627,AR-BX,GRWA,AHY,,B1,1_27_2000,,,,,,,,C,,,,
3A_003,PX-RY,GRWA,AHY,,B2,1_31_2001,,,,,,,,,C,S,,S during nest study
3A_005,PX-YP,GRWA,AHY,,B2,2_1_2001,,,,,,,,,C,,,
3A_006,XP-YB,GRWA,AHY,,B1,2_2_2001,,,,,,,,,C,,,
3A_007,YX-BY,GRWA,AHY,,B1,2_3_2001,,,,,,,,,C,C,,
3A_009,YX-YR,GRWA,AHY,,B1,2_3_2001,,,,,,,,,C,,,
3A_011,XP-YY,GRWA,AHY,,B1,2_4_2001,,,,,,,,,C,,,
2_5819,AR-X,GRWA,HY,,B1,11_20_1996,C,C,C,,,,,,,,,
2_5865,BX-RR,GRWA,HY,,B2,1_20_1997,,C,,,,S,,,,,,
2_5868,YX-YP,GRWA,HY,,B1,1_24_1997,,C,,S,,S,S,,,,,
2_5869,RX-YB,GRWA,HY,,B1,1_25_1997,,C,,,,,,,,,,
2_5871,YB-XR,GRWA,HY,,B1,1_26_1997,,C,,,,C,,,,C,,
2_5897,PB-PX,GRWA,HY,,B2,3_6_1997,,,C,,,,,,,,,
2_5898,RX-YR,GRWA,HY,,B1,3_11_1997,,,C,,,S,S,,,,,
2_6927,XG-YY,GRWA,HY,,B1,11_13_1997,,,,C,S,C,,,,,,
2_6929,GG-RX,GRWA,HY,,B1,11_13_1997,,,,C,,,S,C,,,,
2_6948,XY-RG,GRWA,HY,,B2,1_16_1998,,,,,CC,S,,,,,,
2_6959,RX-AG,GRWA,HY,,B1,3_4_1998,,,,,,C,,,,,,
2_5493,RW-GX,GRWA,HY,,B1,1_18_1999,,,,,,,C,C,,S,,S in nest study
2_5494,XY-WR,GRWA,HY,,B1,1_18_1999,,,,,,,C,,,S,,S in nest study
2_6989,XR-WR,GRWA,HY,,B1,1_18_1999,,,,,,,C,,,,,
2_6990,XY-YW,GRWA,HY,,B1,1_18_1999,,,,,,,C,C,,,,
2_6860,YX-WY,GRWA,HY,,B2,1_28_1999,,,,,,,C,,,,,
2_6871,WR-RX,GRWA,HY,,B2,1_29_1999,,,,,,,C,,,,,
2_6872,WG-XW,GRWA,HY,,B2,1_29_1999,,,,,,,C,,,,,
601,RB-XY,GRWA,HY,,B2,1_24_2000,,,,,,,,C,,,,
625,RA-YX,GRWA,HY,,B1,1_27_2000,,,,,,,,C,,,,
3A_004,XP-PR,GRWA,HY,,B2,1_31_2001,,,,,,,,,C,,,
2_5811,YY-BX,GRWA,,,B2,11_15_1996,C,,,,C,S,,,,,,
2_5813,YB-BX,GRWA,,,B2,11_16_1996,CS,,,,,,,,,,,
2_5814,RX-YY,GRWA,,,B2,11_16_1996,C,,,,,,,,,,,
8A_001,X-,HLCU,AHY,,B1,2_3_2001,,,,,,,,,C,,,
1443_32936,X-,HLCU,,,B1,1_18_1999,,,,,,,C,,,,,
1443_32938,X-,HLCU,,,B2,1_23_2000,,,,,,,,C,,,,
1443_32939,X-,HLCU,,,B2,1_23_2000,,,,,,,,C,,,,
1443_32940,X-,HLCU,,,B1,1_25_2000,,,,,,,,C,,C,,
764_58702,X-,HLCU,,,B1,1_27_2000,,,,,,,,C,,,,
764_58703,X-,HLCU,,,B1,1_27_2000,,,,,,,,C,,,,
6A_001,X-,HLCU,,,B2,2_1_2001,,,,,,,,,C,,,
8A_002,X-,HLCU,,,B1,2_4_2001,,,,,,,,,C,,,
1950_82045,X-R,HOWA,HY,F,B1,11_20_1996,C,,,,,,,,,,,
764_58701,X-,KWQD,,,B1,1_27_2000,,,,,,,,C,,,,
764_58705,X-,KWQD,,,B2,2_1_2001,,,,,,,,,C,,,
764_58706,X-,KWQD,,,B1,2_2_2001,,,,,,,,,C,,,
764_58707,X-,KWQD,,,B1,2_3_2001,,,,,,,,,C,,,
2390_24334,X-Y,MAWA,HY,F,B2,3_6_1997,,,C,,S,,,,,,,
2110_81088,X-,MAWA,HY,,B1,2_2_2001,,,,,,,,,C,,,
981_31291,X-,NOMO,AHY,,B1,1_22_1998,,,,,C,,,,,,,
981_31292,X-,NOMO,AHY,,B1,1_22_1998,,,,,C,,,,,,,
4_4853,X-,NOMO,AHY,,B2,2_1_2001,,,,,,,,,C,,,
2390_24351,X-,NOPA,AHY,F,B1,3_12_1997,,,C,,,,,,,,,
2110_80893,X-,NOPA,AHY,M,B2,11_10_1997,,,,CS,,,,,,,,
371,BP-XP,OVEN,AHY,,B2,11_14_1996,CC,,C,,,,,,,,,
377,XY-PP,OVEN,AHY,,B2,11_14_1996,C,,C,C,S,,,,,,,
388,PR-RX,OVEN,AHY,,B2,11_16_1996,C,C,C,,,C,,,,,,
395,PR-XY,OVEN,AHY,,B1,11_19_1996,C,,,,,,,,,,,W
398,XY-BB,OVEN,AHY,,B1,11_19_1996,CC,,,C,,S,C,,,,,
399,XY-YP,OVEN,AHY,,B1,11_19_1996,CC,C,,,,S,C,,C,C,,
1950_82014,BX-BY,OVEN,AHY,,B1,11_20_1996,C,,,CS,,,,,,,,
1950_82015,RB-XB,OVEN,AHY,,B1,11_20_1996,C,,,,S,,,,,,,
1950_82026,RX-YR,OVEN,AHY,,B1,11_20_1996,CC,C,,,,,S,,,,,
1950_82031,RX-RB,OVEN,AHY,,B1,11_20_1996,C,C,C,C,C,,,,,,,
1950_82042,XY-BP,OVEN,AHY,,B1,11_20_1996,C,,,,,,,,,,,W
1950_82043,XP-YR,OVEN,AHY,,B1,11_20_1996,C,C,,,C,,,,,,,
2390_24041,PY-YX,OVEN,AHY,,B1,1_24_1997,,C,,,,,,,,,,W
2390_24042,XY-RY,OVEN,AHY,,B1,1_24_1997,,CC,,,,,,,,,,
2390_24048,XY-YB,OVEN,AHY,,B1,1_25_1997,,C,C,,,S,,,,,,
2390_24328,YP-BX,OVEN,AHY,,B2,3_5_1997,,,C,,,,,,,,,W
2390_24343,PY-XY,OVEN,AHY,,B1,3_11_1997,,,C,,,,,,,,,W
1950_82558,XY-RG,OVEN,AHY,,B2,11_9_1997,,,,C,,,,,,,,W
910_60047,XA-AG,OVEN,AHY,,B2,11_10_1997,,,,C,,,,,,,,W
910_60051,XA-RA,OVEN,AHY,,B2,11_10_1997,,,,C,C,,,,,,,
910_60056,AG-RX,OVEN,AHY,,B1,11_13_1997,,,,C,C,,,,,,,
910_60084,GY-XY,OVEN,AHY,,B2,1_17_1998,,,,,C,,,,,,,W
2121_29230,WR-XY,OVEN,AHY,,B2,1_30_1999,,,,,,,C,,,,,W
2121_29237,X-,OVEN,AHY,,B1,1_26_2000,,,,,,,,C,C,,,
2121_29238,X-,OVEN,AHY,,B1,1_26_2000,,,,,,,,C,,,,W
2121_29255,X-,OVEN,AHY,,B1,2_2_2001,,,,,,,,,C,C,,
2121_29260,X-,OVEN,AHY,,B1,2_4_2001,,,,,,,,,C,,,W
374,XP-YP,OVEN,HY,,B2,11_14_1996,CC,,,,,,,,,,,
378,RY-XY,OVEN,HY,,B2,11_14_1996,CC,,,,,,,,,,,
379,XR-PR,OVEN,HY,,B2,11_14_1996,C,,,,,,,,,,,W
1950_82009,BP-PX,OVEN,HY,,B2,11_14_1996,C,,,,,,,,,,,W
1950_82010,YP-PX,OVEN,HY,,B2,11_14_1996,CS,C,C,,,,,,,,,
381,XP-PP,OVEN,HY,,B2,11_15_1996,CC,,,,,,,,,,,
1950_82011,PY-XP,OVEN,HY,,B2,11_15_1996,C,C,,,,,,,,,,
1950_82012,BX-YY,OVEN,HY,,B2,11_15_1996,C,,,,,,,,,,,species?
910_60005,BX-YY,OVEN,HY,,B2,11_15_1996,C,,C,,,,,C,C,,,
387,YR-XY,OVEN,HY,,B2,11_16_1996,C,,,,,,,,,,,W
394,XB-BR,OVEN,HY,,B1,11_19_1996,C,C,,,,,,,,,,
397,RR-XY,OVEN,HY,,B1,11_19_1996,CC,,,,,,,,,,,
1950_82017,YY-RX,OVEN,HY,,B1,11_20_1996,C,,,,,,,,,,,W
1950_82021,BB-RX,OVEN,HY,,B1,11_20_1996,C,,C,,,,,,,,,
1950_82022,RR-RX,OVEN,HY,,B1,11_20_1996,C,C,,,,,,,,,,
1950_82023,YY-PX,OVEN,HY,,B1,11_20_1996,CC,,,,,,,,,,,
1950_82034,PY-BX,OVEN,HY,,B1,11_20_1996,C,,,C,,,,,,,,
1950_82046,BB-XY,OVEN,HY,,B1,11_20_1996,C,,,,,,,,,,,W
1950_82049,YX-YP,OVEN,HY,,B1,11_21_1996,CS,C,,,,,,,,,,
2390_24039,YX-RR,OVEN,HY,,B2,1_21_1997,,C,,,,,,,,,,W
2390_24050,XP-YB,OVEN,HY,,B1,1_25_1997,,C,,,,,,,,,,W
2390_24054,XR-YP,OVEN,HY,,B1,1_25_1997,,CC,C,,,,,,,,,
2390_24060,XR-YR,OVEN,HY,,B1,1_25_1997,,C,,S,,,S,,,,,
910_60044,XY-GY,OVEN,HY,,B2,11_9_1997,,,,C,,,,,,,,W
910_60045,RX-YA,OVEN,HY,,B2,11_9_1997,,,,CC,,,,,,,,
910_60046,GR-AX,OVEN,HY,,B2,11_10_1997,,,,C,,,,,,,,W
910_60048,YG-XY,OVEN,HY,,B2,11_10_1997,,,,C,,,,,,,,W
910_60049,XG-YY,OVEN,HY,,B2,11_10_1997,,,,C,,,,,,,,W
910_60050,GR-XR,OVEN,HY,,B2,11_10_1997,,,,C,,,,,,,,W
910_60054,RX-GG,OVEN,HY,,B1,11_11_1997,,,,C,,,,,,,,W
910_60055,YG-GX,OVEN,HY,,B1,11_11_1997,,,,C,,S,S,,,,,
910_60052,GY-GX,OVEN,HY,,B2,11_11_1997,,,,C,,,S,,,,,
910_60053,GX-AR,OVEN,HY,,B2,11_11_1997,,,,C,,,,,,,,W
910_60080,YG-XA,OVEN,HY,,B2,1_16_1998,,,,,CC,C,C,,,,,
910_60081,RG-XG,OVEN,HY,,B2,1_16_1998,,,,,C,,,,,,,W
910_60085,GX-YR,OVEN,HY,,B1,1_22_1998,,,,,C,S,,,,,,
910_60086,XA-YR,OVEN,HY,,B1,1_22_1998,,,,,C,C,,C,,,,
910_60087,AX-GY,OVEN,HY,,B1,1_22_1998,,,,,C,C,S,,,,,
910_60088,XG-AY,OVEN,HY,,B1,1_23_1998,,,,,C,,,C,,,,
910_60098,GX-RR,OVEN,HY,,B1,3_4_1998,,,,,,CC,S,C,,,,
2121_29218,YY-WX,OVEN,HY,,B1,1_17_1999,,,,,,,C,,,,,W
2121_29219,YX-WR,OVEN,HY,,B1,1_18_1999,,,,,,,C,,,,,W
2121_29220,WG-RX,OVEN,HY,,B1,1_18_1999,,,,,,,C,C,,C,,
2121_29226,WX-GY,OVEN,HY,,B2,1_28_1999,,,,,,,C,C,C,C,,
2121_29227,GW-YX,OVEN,HY,,B2,1_28_1999,,,,,,,C,C,C,,,
2121_29228,WX-YY,OVEN,HY,,B2,1_28_1999,,,,,,,C,,,,,W
2121_29229,XW-RR,OVEN,HY,,B2,1_28_1999,,,,,,,C,,,,,W
2121_29235,X-,OVEN,HY,,B1,1_25_2000,,,,,,,,C,C,,,
2121_29236,X-,OVEN,HY,,B1,1_26_2000,,,,,,,,C,,,,W
2121_29239,X-,OVEN,HY,,B1,1_26_2000,,,,,,,,C,C,,,
2121_29253,X-,OVEN,HY,,B2,1_31_2001,,,,,,,,,C,,,W
2121_29254,X-,OVEN,HY,,B2,1_31_2001,,,,,,,,,C,,,W
2121_29256,x-,OVEN,HY,,B1,2_2_2001,,,,,,,,,C,C,,
2121_29257,x-,OVEN,HY,,B1,2_3_2001,,,,,,,,,C,C,,
2121_29258,x-,OVEN,HY,,B1,2_3_2001,,,,,,,,,C,,,W
2121_29259,X-,OVEN,HY,,B1,2_3_2001,,,,,,,,,C,,,W
2390_24055,BX-RY,PAWA,HY,,B1,1_25_1997,,C,,,,,,,,,,
2390_24322,XY-PB,PRAW,AHY,M,B2,3_5_1997,,,C,,,,,,,,,
2110_80953,AX-YR,PRAW,HY,F,B2,1_16_1998,,,,,CS,S,,,,,,
2110_80986,AX-GR,PRAW,HY,M,B1,3_4_1998,,,,,,C,,,,,,
981_31271,X-,RBGR,HY,F,B1,11_12_1997,,,,C,,,,,,,,
1581_11231,X-,RBGR,HY,M,B2,2_2_2001,,,,,,,,,C,,,
981_31201,X-,RBGR,,,B1,11_20_1996,C,,,,,,,,,,,
202,X-Y,RLTH,AHY,,B2,11_15_1996,C,,,,,S,,C,,,,
203,X-B,RLTH,AHY,,B2,11_16_1996,C,,,,,,,,,,,
5_3208,X,RLTH,AHY,,B2,11_9_1997,,,,C,,,,,,,,
5_3209,X-,RLTH,AHY,,B2,11_10_1997,,,,C,,,,,,,,
5_3210,X-,RLTH,AHY,,B2,11_10_1997,,,,C,,,,,,,,
5_3211,X-,RLTH,AHY,,B2,11_10_1997,,,,C,,,,,,,,
5_3212,X-,RLTH,AHY,,B2,11_10_1997,,,,C,,,,,,,,
5_3213,X-,RLTH,AHY,,B2,11_10_1997,,,,C,,,,,,,,
5_3217,X-,RLTH,AHY,,B1,11_11_1997,,,,C,,,,,,,,
5_3214,X-,RLTH,AHY,,B2,11_11_1997,,,,C,,,,,,,,
5_3215,X-,RLTH,AHY,,B2,11_11_1997,,,,C,,,,,,,,
5_3216,X-,RLTH,AHY,,B2,11_11_1997,,,,C,,,,,,,,
5_3218,X-,RLTH,AHY,,B1,11_12_1997,,,,C,,,,,,,,
5_3219,X-,RLTH,AHY,,B1,11_13_1997,,,,C,,,,,,,,
5_3223,X-,RLTH,,,B2,1_16_1998,,,,,C,,,,,,,
5_3224,X-,RLTH,,,B2,1_16_1998,,,,,C,,,,,,,
5_3225,X-,RLTH,,,B2,1_17_1998,,,,,C,,,,,,,
5_3226,X-,RLTH,,,B2,1_17_1998,,,,,C,,,,,,,
5_3227,X-,RLTH,,,B2,1_17_1998,,,,,C,,,,,,,
5_3228,X-,RLTH,,,B2,1_17_1998,,,,,C,,,,,,,
5_3229,X-,RLTH,,,B1,1_21_1998,,,,,C,,,,,,,
5_3230,X-,RLTH,,,B1,1_22_1998,,,,,C,C,,,,,,
5_3231,X-,RLTH,,,B1,1_22_1998,,,,,C,,,,,,,
5_3232,X-,RLTH,,,B1,1_22_1998,,,,,C,,,,,,,
5_3233,X-,RLTH,,,B1,1_22_1998,,,,,C,,,,,,,
5_3234,X-,RLTH,,,B1,1_22_1998,,,,,C,,,,,,,
5_3235,X-,RLTH,,,B1,1_23_1998,,,,,C,,,,,,,
5_3236,X-,RLTH,,,B1,1_23_1998,,,,,C,,,,,,,
5_3244,X-,RLTH,,,B1,3_3_1998,,,,,,C,,,,,,
5_3245,X-,RLTH,,,B1,3_4_1998,,,,,,C,,,,,,
5_3246,X-,RLTH,,,B1,3_4_1998,,,,,,C,,,,,,
5_3247,X-,RLTH,,,B1,3_4_1998,,,,,,C,C,,,,,
5_3248,X-,RLTH,,,B1,3_4_1998,,,,,,C,,,,,,
5_3249,X-,RLTH,,,B1,3_4_1998,,,,,,C,,,,,,died in net
5_3250,X-,RLTH,,,B1,3_4_1998,,,,,,C,,,,,,
5_3251,X-,RLTH,,,B1,3_4_1998,,,,,,C,,,,,,
5_3252,X-,RLTH,,,B1,3_4_1998,,,,,,C,,,,,,
5_3253,X-,RLTH,,,B2,3_9_1998,,,,,,C,,,,,,
5_3254,X-,RLTH,,,B2,3_9_1998,,,,,,C,,,,,,
5_3255,X-,RLTH,,,B2,3_9_1998,,,,,,C,,,,,,
5_3256,X-,RLTH,,,B2,3_9_1998,,,,,,C,,,,,,
5_3257,X-,RLTH,,,B2,3_9_1998,,,,,,C,,,,,,
5_3258,X-,RLTH,,,B2,3_9_1998,,,,,,C,,,,,,
5_3259,X-,RLTH,,,B2,3_9_1998,,,,,,C,,,,,,
5_3260,X-,RLTH,,,B2,3_9_1998,,,,,,C,,,,,,
5_3261,X-,RLTH,,,B2,3_9_1998,,,,,,C,,,,,,
5_3262,X-,RLTH,,,B1,1_19_1999,,,,,,,C,,C,,,
5_3268,X-,RLTH,,,B2,1_28_1999,,,,,,,C,,,,,
5_3269,X-,RLTH,,,B2,1_28_1999,,,,,,,C,,,,,
5_3270,X-,RLTH,,,B2,1_29_1999,,,,,,,C,,,,,
5_3272,X-YP,RLTH,,,B2,1_23_2000,,,,,,,,C,,,,
5_3273,X-PR,RLTH,,,B2,1_24_2000,,,,,,,,C,C,,,
5_3274,X-,RLTH,,,B1,1_27_2000,,,,,,,,C,,,,
5_3278,X-,RLTH,,,B2,1_31_2001,,,,,,,,,C,,,
5_3279,X-,RLTH,,,B2,2_1_2001,,,,,,,,,C,,,
5_3280,X-,RLTH,,,B2,2_1_2001,,,,,,,,,C,,,
5_3281,X-,RLTH,,,B2,2_1_2001,,,,,,,,,C,,,
5_3282,X-,RLTH,,,B1,2_3_2001,,,,,,,,,C,,,
5_3283,X-,RLTH,,,B1,2_4_2001,,,,,,,,,C,,,
5_3284,X-,RLTH,,,B1,2_4_2001,,,,,,,,,C,,,
5_3285,X-,RLTH,,,B1,2_4_2001,,,,,,,,,C,,,
,R-,SSHA,AHY,,B1,1_24_1997,,C,,,,,,,,,,
1591_44035,RX-YP,STOF,AHY,,B1,1_24_1997,,C,,,,S,S,,,,,
1591_44036,XP-YP,STOF,AHY,,B1,1_24_1997,,C,,S,S,,S,,,,,
1591_44040,XR-YP,STOF,AHY,,B1,1_25_1997,,C,,S,CS,,S,,,,,
1591_44053,XB-BB,STOF,AHY,,B1,1_25_1997,,C,,,,,,,,,,
1591_43824,XP-BP,STOF,AHY,,B2,3_5_1997,,,CC,,S,S,,,,,,
1591_43830,XP-BY,STOF,AHY,,B2,3_5_1997,,,C,,,,,,,,,
1591_43850,XY-RY,STOF,AHY,,B2,3_6_1997,,,C,,,,,,,,,
1591_43851,RX-PR,STOF,AHY,,B2,3_6_1997,,,C,,,,,,,,,
1591_43853,BR-XY,STOF,AHY,,B2,3_6_1997,,,C,,,,,,,,,
1591_43862,XY-BP,STOF,AHY,,B1,3_10_1997,,,CS,S,S,S,S,,,,,
1591_43879,YP-XR,STOF,AHY,,B1,3_11_1997,,,C,S,,,,,,,,
1591_43943,YG-XY,STOF,AHY,,B2,11_9_1997,,,,C,,,,,,,,
1591_43962,GY-GX,STOF,AHY,,B2,11_11_1997,,,,C,,,,,,,,
1591_43969,YX-YA,STOF,AHY,,B1,11_12_1997,,,,C,,,,,,,,
1591_43974,XA-GG,STOF,AHY,,B1,11_12_1997,,,,C,,,,,,,,
1591_44254,XW-YG,STOF,AHY,,B2,1_29_1999,,,,,,,C,,,,,
1511_43433,X-R,STOF,,,B1,11_20_1996,C,,,,S,,S,,,,,
1591_44003,BP-XP,STOF,,,B2,1_19_1997,,C,S,S,S,,S,,C,,,
1591_44027,XY-YP,STOF,,,B2,1_21_1997,,C,,,S,,,,,,,
1591_44032,BX-YP,STOF,,,B2,1_21_1997,,C,,,,,,,,,,
1591_43873,BX-RB,STOF,,,B1,3_11_1997,,,C,,,,,,,C,,
1521_02553,XY-GR,STOF,,,B2,1_16_1998,,,,,CS,,,,,,,
1521_02565,AX-GR,STOF,,,B2,1_17_1998,,,,,C,,,,,,,
1521_02570,AG-XY,STOF,,,B2,1_17_1998,,,,,C,,,,,,,
1521_02571,RX-RG,STOF,,,B2,1_17_1998,,,,,C,,,,,,,
1521_02572,AY-XY,STOF,,,B2,1_17_1998,,,,,C,,,,,,,
1521_02579,GX-YG,STOF,,,B2,1_18_1998,,,,,C,,,,,,,
1521_02584,RX-AG,STOF,,,B1,1_21_1998,,,,,C,,,,,,,
1521_02589,GX-YA,STOF,,,B1,1_22_1998,,,,,C,,C,,,,,
1521_02598,YX-AY,STOF,,,B1,1_22_1998,,,,,C,,,,,,,
1521_02600,AX-RY,STOF,,,B1,1_23_1998,,,,,C,,,,,,,
1591_44101,RX-AY,STOF,,,B1,1_23_1998,,,,,C,,,,,,,
1591_44102,GY-XY,STOF,,,B1,1_23_1998,,,,,C,,,,,,,
1591_44141,GR-RX,STOF,,,B1,3_4_1998,,,,,,C,S,,,,,
1591_44149,GX-YR,STOF,,,B2,3_9_1998,,,,,,C,,,,,,
1591_44261,GX-GW,STOF,,,B2,1_30_1999,,,,,,,C,,,,,
1591_44291,BX-RA,STOF,,,B1,1_26_2000,,,,,,,,C,,,,
1591_82634,PX-PY,STOF,,,B2,2_1_2001,,,,,,,,,C,,,
1591_82640,XY-YR,STOF,,,B2,2_1_2001,,,,,,,,,C,S,S,S in nest study
1591_82653,YX-YB,STOF,,,B1,2_3_2001,,,,,,,,,C,,,
1511_43423,X-R,WOTH,,,B1,11_20_1996,C,,,,,,,,,,,
2110_81080,X-,YFGR,AHY,M,B2,2_1_2001,,,,,,,,,C,,,
2_6893,X-,YFGR,,F,B2,1_23_2000,,,,,,,,C,,,,
2_6895,X-,YFGR,,M,B2,1_23_2000,,,,,,,,C,,,,
1443_32937,X-,ZEDO,,,B1,1_18_1999,,,,,,,C,,,,,
1533_11202,X-,ZEDO,,,B1,2_3_2001,,,,,,,,,C,,,
